file_name,tsne_norm_x,tsne_norm_y,tsne_raw_x,tsne_raw_y,umap_norm_x,umap_norm_y,lda_norm_x,lda_norm_y,class_id,class_name,camera_id
S027C003P044R001A069.skeleton,7.4526424,-30.58534,18.605938,2.8395967,0.88924205,-0.27212417,1.4616807,2.12724,69,thumb up,3
S009C002P017R001A056.skeleton,-9.4283695,-6.6454997,24.60395,-32.305164,1.5923114,2.2713375,-0.22982447,-0.1996718,56,giving object,2
S025C003P065R001A068.skeleton,34.34027,30.657328,28.862528,0.16812569,-3.271605,7.470022,1.7841533,0.4182704,68,flick hair,3
S030C003P095R001A098.skeleton,-0.97580755,-46.69726,-9.141082,-4.8034854,1.98427,-0.78196543,1.7026039,3.7352762,98,arm swings,3
S008C001P007R001A006.skeleton,41.55524,-6.270117,44.483234,-11.083121,-3.398475,1.7446404,-6.9355183,4.7447915,6,pick up,1
S016C003P008R001A026.skeleton,5.5518737,37.974888,-32.644047,-37.03801,-0.43356758,6.781282,-0.38273787,-1.6199477,26,hopping,3
S001C001P001R001A024.skeleton,-11.901701,2.6857488,37.16497,11.439099,1.4082594,3.715086,-1.5382204,1.0965962,24,kicking something,1
S026C003P008R001A106.skeleton,-28.139585,-4.390706,-31.720121,-30.843487,2.7363644,2.9433067,-0.6101529,1.0197313,106,hit with object,3
S007C002P007R002A048.skeleton,13.261769,-42.014423,42.83706,-10.030532,1.5840657,-1.7080313,0.6344027,-1.1216518,48,nausea/vomiting,2
S009C001P019R001A031.skeleton,17.00372,-32.07432,-37.66975,-10.514383,-0.14352736,-0.50408894,0.3312501,1.3560259,31,point to something,1
S007C003P016R002A029.skeleton,15.21906,27.245884,-24.5291,-7.854297,-1.2139267,6.7914395,1.7126784,-0.83677757,29,play with phone/tablet,3
S012C001P025R002A046.skeleton,2.3136733,-9.550633,26.4715,15.86913,0.22093423,1.162614,0.13581645,-0.39844793,46,back pain,1
S006C003P007R002A041.skeleton,-11.985332,50.55709,41.599346,-6.3497458,1.1484414,8.464059,0.744387,-0.436264,41,sneeze/cough,3
S027C003P079R001A104.skeleton,4.62278,-50.294476,13.503927,1.8544534,1.5621287,-1.0440427,1.6373724,3.9634383,104,stretch oneself,3
S019C001P048R001A117.skeleton,25.706715,-20.487677,28.528297,-7.256275,-1.0949547,-1.0341924,-0.44504127,0.9984552,117,whisper,1
S012C001P027R001A047.skeleton,11.891974,-25.15517,24.997103,16.954487,-0.025848782,-0.6032806,1.4396553,1.0928782,47,neck pain,1
S008C002P034R001A003.skeleton,-17.66046,25.237398,39.54286,-13.7027025,1.5224258,6.0153003,2.07304,0.42111337,3,brush teeth,2
S025C001P056R001A115.skeleton,-11.438886,15.090751,5.8222227,35.23913,0.73551226,4.6808457,1.6649808,0.26340201,115,take a photo,1
S028C001P041R002A087.skeleton,-24.282919,-41.586727,-25.068233,-11.343467,2.9773211,-1.0981646,1.1036295,-0.7480451,87,put on bag,1
S028C003P073R001A074.skeleton,-11.745048,-45.16445,-11.248707,-3.1363702,2.6242967,-2.4034216,1.4631195,-2.2923453,74,counting money,3
S015C002P025R001A041.skeleton,-28.195957,34.417297,40.595043,-8.401995,2.7592323,6.848202,-0.05081126,-0.46836776,41,sneeze/cough,2
S027C003P084R001A104.skeleton,6.9410677,-17.141306,0.16085945,-11.003137,0.3635812,0.52376175,0.6219261,3.696096,104,stretch oneself,3
S032C001P043R002A070.skeleton,10.141402,-14.911722,5.8958697,63.46502,-0.21863513,0.61925095,1.0861185,1.6756635,70,thumb down,1
S016C001P039R002A031.skeleton,-8.911866,-6.80643,26.192135,19.030773,1.3583338,2.1036744,1.2897187,1.4011662,31,point to something,1
S029C002P051R002A105.skeleton,4.986557,31.17745,50.918156,-7.1168275,-0.38495195,6.7406178,-1.8064431,-0.038830042,105,blow nose,2
S021C001P059R002A073.skeleton,-20.14713,-41.382698,39.056004,-11.656483,3.148998,-1.879869,1.535578,-2.6248608,73,staple book,1
S030C001P092R002A061.skeleton,-32.172543,-1.0114208,-18.580763,-4.9935737,3.5661879,3.278683,2.674872,0.123132944,61,put on headphone,1
S025C002P055R002A080.skeleton,35.861706,-3.9029262,1.7551839,60.860073,-2.948702,1.4029268,-2.7744799,0.87396455,80,squat down,2
S001C002P006R001A026.skeleton,18.992714,-33.57782,17.244167,-19.76614,-0.3530372,-0.23571114,-0.7909978,-0.27609795,26,hopping,2
S009C003P015R001A028.skeleton,-23.289948,-10.01894,-32.51848,-8.31949,2.4152966,1.9514835,1.9600449,0.43106994,28,phone call,3
S005C002P018R001A046.skeleton,-27.957787,34.94192,-39.961166,-25.230913,2.7860935,7.034591,-0.5438029,-0.6227781,46,back pain,2
S023C002P057R001A081.skeleton,-21.97742,25.983358,-1.21171,8.473279,2.0924518,5.7547255,1.0792322,-0.7561519,81,toss a coin,2
S027C003P011R001A082.skeleton,-13.558772,-36.187214,17.077572,3.2629132,2.5112133,-1.7091,1.3675518,-3.3611069,82,fold paper,3
S023C003P061R001A063.skeleton,-3.6197236,-16.359255,21.135105,16.904297,1.0972213,0.9613572,2.1824849,1.5761751,63,shoot at basket,3
S025C002P059R002A091.skeleton,-15.792675,-39.052452,27.60075,-6.4564476,2.7452693,-1.7834373,1.9787698,-3.046987,91,open a box,2
S018C003P041R001A085.skeleton,-9.446372,-42.54278,-0.83598757,-5.9189816,2.2112987,-2.027352,1.6882904,-1.778238,85,apply cream on face,3
S026C003P075R001A112.skeleton,3.454648,-29.575012,-26.223532,-15.203923,0.2645997,-1.512286,1.6464125,0.66417795,112,high-five,3
S006C003P008R002A049.skeleton,-9.94625,51.32918,43.911835,-0.36191615,0.9681543,8.675108,0.36815977,-0.5004624,49,fan self,3
S031C003P067R002A107.skeleton,36.46327,34.76084,-1.890189,43.335453,-3.6372757,7.7127976,0.2780038,0.33233166,107,wield knife,3
S017C001P007R001A009.skeleton,35.931755,24.251966,9.451207,8.343449,-3.6060433,6.642236,-4.0980635,-5.9310045,9,stand up,1
S007C002P016R002A017.skeleton,30.013205,24.2244,8.930653,-9.741246,-3.0476592,6.6272573,-3.1287532,-4.0435886,17,take off a shoe,2
S031C002P042R001A118.skeleton,-28.805115,43.478893,-28.812214,-20.216375,3.3223913,7.8157635,-0.19236962,0.19401255,118,exchange things,2
S009C002P017R002A041.skeleton,-7.941643,-10.92365,-46.59852,6.3446627,1.5053368,2.08079,-0.09034079,-0.63798743,41,sneeze/cough,2
S031C002P042R001A115.skeleton,-22.260872,25.343386,-42.070827,-17.069136,2.0347686,5.7818666,0.7025966,-1.1356663,115,take a photo,2
S012C002P027R001A048.skeleton,-16.407536,43.190296,9.794776,-1.6714426,2.4986565,7.49244,-2.1509297,-0.8112336,48,nausea/vomiting,2
S020C003P054R002A099.skeleton,-5.8528967,51.775097,17.98477,17.600948,0.41223863,9.015357,-0.12921518,-0.8370609,99,run on the spot,3
S026C001P072R001A076.skeleton,-6.385069,-38.164326,-27.290907,-20.85794,1.7333744,-2.4178302,1.0976416,-2.6133473,76,cutting paper,1
S030C002P067R001A101.skeleton,-15.952176,43.18963,3.1541557,-26.81595,1.7054805,7.5023265,-2.7354178,0.20094371,101,cross toe touch,2
S024C003P067R002A090.skeleton,-11.434843,51.027485,-1.0297605,21.762629,1.136096,8.537722,1.2319169,-0.5804852,90,take object out of bag,3
S003C002P015R002A058.skeleton,-7.934309,-9.175323,-38.34289,-15.779383,1.269646,1.9523801,0.7298347,-0.03835678,58,shaking hands,2
S013C003P016R002A056.skeleton,-11.33314,37.003864,-9.67734,16.378798,1.3373694,7.4338236,-2.1569517,-0.075316794,56,giving object,3
S032C002P102R001A082.skeleton,-8.611895,11.649801,-21.415554,-22.598871,0.48900348,4.2404313,1.8496433,-2.4767718,82,fold paper,2
S012C001P016R001A007.skeleton,-5.1857586,-1.8672508,24.055191,17.988607,0.9357067,2.6128664,-0.6424516,0.053220645,7,throw,1
S017C001P007R002A002.skeleton,-17.141874,-47.732998,-7.7575483,-6.921259,2.9252846,-2.2260463,1.3820068,-2.1010485,2,eat meal,1
S013C003P015R002A028.skeleton,-7.6164575,41.067066,-30.760664,-2.513953,1.1255469,6.938561,0.38449967,0.46793088,28,phone call,3
S020C003P043R001A068.skeleton,5.818179,-33.406654,22.175463,0.9425737,0.88359386,-0.79871595,1.7788109,2.1222107,68,flick hair,3
S005C002P013R001A036.skeleton,-21.608866,22.687607,-27.870098,-31.606272,2.1539738,5.668504,-0.50215477,0.23458038,36,shake head,2
S013C001P008R001A038.skeleton,15.01169,-23.892086,13.253795,-34.182266,-0.33621818,-1.219732,1.2183089,2.162165,38,salute,1
S013C002P017R002A055.skeleton,-11.859934,35.577774,-42.056435,4.945197,1.3697722,7.445666,-1.1956301,0.5320497,55,hugging,2
S013C001P027R002A055.skeleton,-13.318439,16.886995,-40.44778,7.9767365,1.1495845,4.870669,0.5760803,-0.3115691,55,hugging,1
S026C002P071R001A097.skeleton,-30.366142,-20.220856,-39.27398,-9.018742,1.2042029,-1.5534925,0.23082967,2.2336378,97,arm circles,2
S008C003P015R002A052.skeleton,-8.359596,7.625475,18.204208,-4.6708994,0.68687683,3.834444,-0.27194834,-0.61381704,52,pushing,3
S027C001P081R002A114.skeleton,-6.9229646,48.26332,-25.370598,-0.15225577,0.74863476,8.392452,-6.470943,0.45744792,114,carry object,1
S030C003P075R002A120.skeleton,6.76598,17.547705,-20.406733,-16.413193,-0.5326567,5.6209764,-1.2234541,-0.7812995,120,rock-paper-scissors,3
S010C003P019R002A051.skeleton,-2.0524213,-28.166954,3.9326026,20.823214,0.41922513,-2.0793984,-1.3592695,-0.00092208385,51,kicking,3
S011C003P002R001A033.skeleton,-15.314287,-32.19691,-0.04213838,-20.476444,2.5597904,-1.3840122,1.8631297,-1.8322003,33,check time (from watch),3
S029C001P008R001A092.skeleton,30.624386,-4.4930553,-13.877955,11.95588,-3.1562884,2.2277284,-3.7219856,1.849717,92,move heavy objects,1
S006C003P001R002A006.skeleton,32.60012,7.2613287,27.89688,-12.762459,-2.2462282,2.7054858,-4.714179,0.26885375,6,pick up,3
S009C001P025R002A040.skeleton,-28.430517,-28.86418,-37.5088,3.1999545,3.356743,0.012290171,0.12505817,0.31786323,40,cross hands in front,1
S017C003P015R001A006.skeleton,32.365326,0.82069856,44.136192,7.626137,-2.8115613,2.4559832,-5.5463767,1.1237086,6,pick up,3
S019C002P042R001A100.skeleton,3.6811268,56.4151,7.206852,77.07063,14.909759,1.6958017,-0.70631635,-0.49607283,100,butt kicks,2
S002C002P003R001A023.skeleton,3.3083887,-29.728874,-45.53876,6.7944155,0.28007323,-1.4332159,1.2646408,1.8498931,23,hand waving,2
S005C002P004R001A046.skeleton,-1.0881479,-30.309895,-37.9691,-16.238642,0.3723107,-2.029385,-1.0380194,0.67022526,46,back pain,2
S023C002P066R001A120.skeleton,0.08875757,-29.251492,1.3940817,-1.6728916,0.38775936,-1.9612494,0.76262856,1.0128709,120,rock-paper-scissors,2
S026C001P049R001A067.skeleton,9.643216,-36.043846,-27.768845,-22.301195,0.5210564,-1.4763042,1.4875911,-0.19959302,67,hush,1
S032C003P043R001A107.skeleton,12.952586,-12.652551,-14.323471,37.595947,-0.44152325,0.80759245,1.8419602,-0.5538269,107,wield knife,3
S030C001P041R001A077.skeleton,11.721848,-11.117867,-1.1678184,8.713342,-0.4296843,0.9440501,0.58823377,0.268515,77,snap fingers,1
S026C002P041R002A073.skeleton,13.502109,-39.79439,-8.966438,-21.339384,1.0654771,-1.9106852,0.7096495,-2.6946964,73,staple book,2
S013C003P007R002A054.skeleton,12.223127,-35.366592,-3.1469152,17.597546,0.36579525,-1.4891132,-0.3845645,0.17611893,54,point finger,3
S028C002P008R001A111.skeleton,-16.888687,2.0749085,0.9331745,62.39455,1.9654013,3.0952795,-0.8235051,0.76398355,111,step on foot,2
S008C002P008R001A005.skeleton,-5.2810483,28.113401,47.922153,-9.572253,4.450027,8.793279,-0.13856278,-1.0428519,5,drop,2
S020C002P054R002A071.skeleton,6.158889,-33.993233,1.0344775,43.752308,0.802024,-1.0543853,1.6611433,2.0580053,71,make OK sign,2
S012C002P017R001A004.skeleton,2.9989135,18.900156,37.791885,8.109679,-0.41588637,5.320306,0.39827138,-0.50853616,4,brush hair,2
S011C001P038R001A035.skeleton,-3.5953617,11.253843,-40.387264,6.9904585,1.0576771,4.5842366,-3.0104604,-0.40842673,35,nod head/bow,1
S023C001P057R002A069.skeleton,21.677347,-9.0376835,5.6464505,71.73227,-2.0100648,-1.6955556,-0.15404773,1.8871567,69,thumb up,1
S016C003P040R001A044.skeleton,3.9815805,-17.775154,20.937628,-15.801229,0.6524375,0.5229366,1.4156661,1.2003396,44,headache,3
S001C003P003R001A049.skeleton,-29.37682,-31.42757,16.990728,-26.01519,3.4458203,-0.17746857,1.4413292,0.6522485,49,fan self,3
S025C002P058R002A097.skeleton,-0.68927455,-48.041447,22.1045,-1.6634873,1.9737232,-0.84240353,2.0163589,4.0824623,97,arm circles,2
S030C003P095R002A066.skeleton,-36.351303,4.5995703,-16.224085,38.25272,3.9097428,3.2037191,1.9843378,-0.43565613,66,juggle table tennis ball,3
S031C003P101R002A104.skeleton,-38.65694,1.6229206,-13.562272,-14.159538,4.3562646,3.3756008,-0.97106653,1.0215852,104,stretch oneself,3
S007C002P001R001A020.skeleton,17.286879,38.198696,13.148162,12.784958,-2.0029583,6.517996,0.9846375,-0.5492325,20,put on a hat/cap,2
S021C003P060R001A120.skeleton,-23.097559,-30.580616,43.748047,-10.128519,2.540382,-0.20655075,0.17327203,-0.45163748,120,rock-paper-scissors,3
S001C001P007R002A002.skeleton,-28.944633,-36.098465,34.43095,10.44352,2.9085016,-0.5338541,1.9617279,1.7741193,2,eat meal,1
S006C002P019R002A034.skeleton,-14.255733,-38.786827,1.1208031,-12.185948,2.5495255,-1.9547405,1.3018997,-2.4009695,34,rub two hands,2
S019C001P041R002A112.skeleton,12.38122,-9.283299,41.785946,-15.800846,-0.695744,0.9686278,0.036248595,1.39995,112,high-five,1
S011C001P027R002A051.skeleton,15.229596,-0.07387922,-38.046383,8.707268,-0.774894,2.0740588,-1.9669939,0.12800895,51,kicking,1
S021C001P056R001A072.skeleton,-13.814883,10.163834,1.8821156,44.4337,0.83714247,4.3788457,1.2948529,1.4072253,72,make victory sign,1
S020C002P054R002A063.skeleton,18.842245,-37.55806,34.27914,4.2079735,1.0633271,-1.3556614,1.930281,-1.2102711,63,shoot at basket,2
S030C001P048R002A082.skeleton,-14.439583,-46.93631,-13.431913,1.3880833,2.8292122,-2.3438656,1.8035326,-2.1435905,82,fold paper,1
S021C003P059R001A079.skeleton,-15.543804,-40.150074,19.23802,-11.236321,2.5699747,-1.8920996,1.7422098,-2.4701254,79,sniff/smell,3
S003C003P015R001A039.skeleton,-19.341501,-16.539331,-41.54883,-26.219723,2.5269668,1.1147311,1.5524268,0.2789033,39,put palms together,3
S007C002P008R002A008.skeleton,14.618445,4.048341,19.885662,-11.140836,-0.8001377,2.36422,-2.9320753,-0.8440889,8,sit down,2
S009C001P017R002A050.skeleton,-25.682772,-2.2623665,-42.195362,-17.29099,2.20377,3.0627985,-0.81980693,0.7638075,50,punch/slap,1
S011C003P015R002A051.skeleton,-7.653989,41.583473,-6.144462,-2.3658938,1.0166804,7.109856,0.15316366,0.1378904,51,kicking,3
S023C001P056R001A087.skeleton,-18.369688,1.5426695,-3.4188242,16.501383,2.303253,2.788321,0.7373609,0.9675146,87,put on bag,1
S002C001P014R001A055.skeleton,30.421312,-20.772839,-37.01515,-15.474855,-1.6746981,-0.23346213,-0.705437,-0.02827835,55,hugging,1
S005C001P015R001A059.skeleton,-25.46217,-0.1534294,24.928022,-32.244225,2.6392646,3.2861207,-4.9145274,-0.30108237,59,walking towards,1
S026C003P041R001A118.skeleton,23.938213,-29.982012,-5.925831,12.861149,-0.15319316,-1.1703016,-2.0189357,0.27864122,118,exchange things,3
S028C003P046R001A062.skeleton,6.808739,-45.595875,-1.3859136,-3.0487726,0.96783006,-0.92152756,0.014126241,1.0390828,62,take off headphone,3
S002C003P003R001A016.skeleton,28.389105,-22.694597,-41.53094,-20.335503,-1.0479347,-0.6968303,-1.6308167,0.08116479,16,put on a shoe,3
S001C001P003R001A059.skeleton,32.548042,-20.960787,29.51081,23.876356,-1.7429215,-0.05992699,-3.5429275,1.1119235,59,walking towards,1
S019C003P041R001A106.skeleton,24.019999,-30.312458,-2.4859931,22.541298,0.043076836,-1.2368883,-1.8392996,0.6114021,106,hit with object,3
S029C001P075R001A063.skeleton,-15.495807,-3.7170773,-15.667976,4.8501983,1.8679531,2.4693732,1.8926972,1.1108345,63,shoot at basket,1
S009C002P016R002A053.skeleton,-6.4502087,-2.992396,-38.1007,-25.086327,0.9555995,2.526527,-1.1955643,-0.59955,53,pat on back,2
S008C001P032R001A006.skeleton,31.964548,-2.624721,46.992348,-11.480593,-3.1145995,2.1987154,-5.257118,0.040475976,6,pick up,1
S014C003P015R002A058.skeleton,4.1428056,18.459852,5.431785,20.394453,-0.46568438,5.356785,0.22863485,-0.09552503,58,shaking hands,3
S029C003P074R001A076.skeleton,-8.467253,-39.50906,-5.2253604,-2.9690752,2.0459728,-2.3976743,1.3510048,-2.1619613,76,cutting paper,3
S023C002P065R002A094.skeleton,36.780613,31.61337,10.395733,6.393942,-3.3285923,7.1988263,1.3928956,0.48832142,94,throw up cap/hat,2
S001C002P006R001A001.skeleton,4.6616464,-39.32,12.658632,-22.402298,1.1387444,-1.6693197,1.7507937,0.88473725,1,drink water,2
S011C003P002R001A019.skeleton,20.719551,32.069126,24.904388,-3.9700058,-2.1087039,6.7564735,2.286939,-0.5501619,19,take off glasses,3
S008C001P015R002A041.skeleton,34.859753,4.4840703,18.066578,-7.9608808,-2.4958043,2.322909,-2.1454496,-0.6101676,41,sneeze/cough,1
S016C001P025R002A045.skeleton,39.83503,34.918003,45.687714,3.2746377,-3.8994882,7.494688,-0.12809213,-2.9992096,45,chest pain,1
S010C003P018R001A036.skeleton,-10.73283,-20.704767,-17.486942,-1.8826041,1.8370491,0.4422361,0.5328687,0.4842609,36,shake head,3
S001C001P008R001A026.skeleton,25.154526,-22.281216,8.806725,-0.8667814,-0.79057133,-1.5040464,-1.0214574,-0.44029218,26,hopping,1
S007C001P017R001A034.skeleton,-12.142868,14.631462,33.829926,-12.958658,0.6789408,4.5672536,1.4106064,-1.1581862,34,rub two hands,1
S029C002P074R001A105.skeleton,-0.063936055,3.1902795,3.4883013,69.543205,1.7011093,5.1891184,2.0035129,1.9082851,105,blow nose,2
S023C003P062R002A064.skeleton,6.2375045,44.516495,17.387049,18.719885,-0.42874017,7.398162,0.10113335,-2.7738266,64,bounce ball,3
S026C002P076R002A108.skeleton,20.486006,2.3338661,-15.411903,-11.015232,-1.2789223,1.8870715,-2.432974,-0.75624204,108,knock over,2
S031C003P006R001A069.skeleton,17.096912,-40.35959,-11.551498,-18.359623,0.50901777,-0.64654166,1.2439294,0.8862225,69,thumb up,3
S017C001P017R001A021.skeleton,-4.9082217,15.572726,0.27779406,-0.56122816,-0.061797876,4.9311447,1.7571614,2.1311908,21,take off a hat/cap,1
S002C001P011R001A004.skeleton,19.02619,33.087097,-25.991388,-6.928625,-2.0129254,6.8091197,0.26816618,-0.35650146,4,brush hair,1
S001C002P003R002A054.skeleton,-20.261978,23.911442,-35.343437,1.9985675,2.0190141,5.844305,0.46254674,0.015764952,54,point finger,2
S023C002P067R001A107.skeleton,-12.673211,47.033875,4.049331,61.03526,1.1318319,8.166716,-1.4412324,-0.035121236,107,wield knife,2
S018C002P044R002A084.skeleton,27.234386,-33.6064,-9.252804,2.6566997,-1.2105978,0.5019564,0.7213095,0.08148774,84,play magic cube,2
S027C002P008R002A110.skeleton,-0.60273314,-33.071163,44.497288,-9.249769,0.6355205,-2.356368,-0.14856942,-0.57558775,110,shoot with gun,2
S003C003P008R002A020.skeleton,-27.578148,-5.727155,-41.066498,-24.92973,2.813213,2.8955808,1.3401364,2.6050003,20,put on a hat/cap,3
S005C003P010R002A012.skeleton,-40.310078,-0.5505276,22.914097,-21.251997,4.4723687,3.3629816,1.7153081,-0.3800602,12,writing,3
S027C003P083R001A119.skeleton,-6.9350777,-37.08737,0.12117188,-8.145815,1.6156977,-2.32022,0.32464984,-1.5905751,119,support somebody,3
S007C003P001R002A052.skeleton,-10.987607,37.23881,-23.327589,-29.771595,1.2991028,7.4709215,-1.4779936,-0.64290905,52,pushing,3
S003C002P017R002A050.skeleton,-23.86796,-3.4056315,-40.238976,-24.257204,2.1191988,2.9354305,-2.0354843,1.2869351,50,punch/slap,2
S008C003P035R001A020.skeleton,4.004848,-20.94118,32.95389,-5.026425,0.9951721,0.24711296,1.3824449,-1.4987152,20,put on a hat/cap,3
S029C003P080R002A109.skeleton,-10.183333,38.92653,-39.729904,3.2882388,0.9706874,7.4992967,-1.3691423,0.22623539,109,grab stuff,3
S025C002P065R001A084.skeleton,-5.92321,30.098501,18.97034,-6.1152935,4.338596,8.69959,0.5204406,-1.4283144,84,play magic cube,2
S027C001P011R001A112.skeleton,8.525398,-14.565362,1.6288353,45.204998,-0.16876855,0.78093904,0.44178015,2.0038352,112,high-five,1
S030C002P076R002A100.skeleton,24.286573,-26.856554,-14.884809,-13.254979,-0.43908587,-1.6851116,-1.9374105,-0.28808457,100,butt kicks,2
S001C003P001R001A056.skeleton,-20.771154,39.85862,-33.104576,-30.635294,1.823878,7.189119,-1.263788,-0.1120919,56,giving object,3
S002C002P013R002A050.skeleton,-17.960316,36.955723,-44.78528,15.463639,2.0146308,7.993635,-0.91020054,0.36551878,50,punch/slap,2
S030C003P081R001A101.skeleton,26.518736,-17.01871,9.293177,0.28113905,-1.2936524,-0.8370732,-2.5823908,-0.20908695,101,cross toe touch,3
S016C002P007R001A055.skeleton,-33.71219,5.2200737,40.156086,-7.07983,3.5990522,3.218532,-0.720112,-0.56604517,55,hugging,2
S007C003P027R001A056.skeleton,11.771181,-37.766735,0.19288959,-26.42345,0.8251953,-1.8342384,0.0055244565,-0.7308476,56,giving object,3
S020C001P008R002A120.skeleton,17.026081,-23.867283,-7.066224,22.724384,-0.7220639,-1.1254543,1.3330116,0.8253742,120,rock-paper-scissors,1
S009C002P007R002A030.skeleton,-9.910598,-45.10311,-23.169733,-18.174213,2.4029238,-2.1469538,1.2750543,-2.091592,30,type on a keyboard,2
S027C001P041R002A085.skeleton,31.31075,-29.378506,17.945961,18.849848,-0.94142544,0.76364625,1.0278039,-1.0435927,85,apply cream on face,1
S028C003P087R002A109.skeleton,-27.155922,-31.385996,23.010695,18.087997,3.414121,-0.16078298,0.2826078,-0.06863099,109,grab stuff,3
S031C002P042R001A071.skeleton,8.848846,-4.845066,1.1470448,63.037388,2.0288913,5.108351,1.156344,1.1198475,71,make OK sign,2
S023C002P067R002A098.skeleton,8.898639,-14.953098,4.261554,-22.250065,-0.07570169,0.70544,0.9269042,3.0853717,98,arm swings,2
S008C002P035R002A027.skeleton,29.68948,-33.385353,29.163992,-9.647555,-1.0924137,0.48352218,-1.7431005,1.1551075,27,jump up,2
S023C002P063R001A064.skeleton,-28.778185,39.821827,-5.475952,-1.6853777,3.0172234,7.350528,-0.759997,0.45583314,64,bounce ball,2
S029C001P049R002A080.skeleton,36.95637,-4.530829,-22.498182,39.70857,-3.2342641,1.549499,-4.643909,2.08087,80,squat down,1
S026C002P070R001A074.skeleton,-28.95013,45.335674,-35.633465,-10.27267,3.5424192,8.122646,-0.14875901,-0.03572035,74,counting money,2
S011C003P016R001A022.skeleton,24.827272,38.938473,9.938445,-0.3824817,-2.302145,6.149415,1.5052826,2.092118,22,cheer up,3
S031C001P067R002A074.skeleton,38.923912,32.35885,-13.430767,14.48917,-3.6279974,7.376895,1.25333,-0.389068,74,counting money,1
S031C001P085R002A108.skeleton,14.309602,3.9782991,-23.752932,41.804028,-0.8463425,2.3033223,-0.98391837,-0.07407522,108,knock over,1
S007C003P001R001A035.skeleton,33.7676,1.6124977,-9.84495,-25.75432,-2.776101,2.4167209,-5.3836217,-0.29424727,35,nod head/bow,3
S012C001P027R001A045.skeleton,1.9303274,-27.15673,24.679426,17.643219,0.06561976,-1.8212123,-2.220149,0.82461005,45,chest pain,1
S013C003P025R002A058.skeleton,-7.539108,52.22976,-31.082787,-9.611338,0.6616299,8.874584,0.7951902,-0.22802322,58,shaking hands,3
S012C003P016R001A029.skeleton,-19.81876,-22.43754,-4.0642037,15.743459,2.2686796,0.014048229,1.9416347,-1.9067146,29,play with phone/tablet,3
S029C001P006R002A094.skeleton,17.224064,-42.87306,-17.158207,6.5795,0.82794744,-0.43410012,1.4608086,1.6965326,94,throw up cap/hat,1
S017C003P020R002A006.skeleton,-27.70074,5.1839356,23.954765,-19.046026,3.2867243,2.896436,-3.4184053,1.3280325,6,pick up,3
S019C003P046R002A108.skeleton,-2.003197,34.95559,13.78275,11.745072,-0.09626201,6.6682944,-1.421504,-0.0045819283,108,knock over,3
S028C003P070R002A089.skeleton,-4.220643,52.659424,-22.487762,-7.77707,0.33656186,9.082761,1.554177,-0.74210185,89,put object into bag,3
S014C003P007R001A042.skeleton,32.009563,-22.207071,20.921988,-20.070425,-1.6597937,-0.13858028,-5.194108,0.6947898,42,staggering,3
S024C002P057R001A089.skeleton,-28.818136,45.976223,-8.239124,40.526684,3.5248046,8.160471,0.61627483,-0.084098816,89,put object into bag,2
S003C002P018R001A057.skeleton,-0.14493017,7.8486466,-47.250748,13.109282,1.7926595,3.7961361,-2.0968616,-0.8622049,57,touch pocket,2
S030C003P043R002A073.skeleton,-9.800608,52.205616,-9.716155,-7.268833,0.8977384,8.744649,1.715541,-0.7277907,73,staple book,3
S027C001P083R002A096.skeleton,-26.07012,-27.310917,-0.108966805,60.899178,2.9117782,-0.78022355,-0.081658214,-0.8749069,96,cross arms,1
S013C001P017R001A056.skeleton,9.701889,10.17641,11.784509,-33.703854,-0.6766295,2.9941394,-2.2280552,-0.76710093,56,giving object,1
S001C001P004R002A028.skeleton,-28.5765,-30.596872,33.07182,8.297034,3.482478,-0.1728888,0.74670637,0.2825567,28,phone call,1
S017C001P008R002A021.skeleton,38.368607,37.79778,22.593742,9.11843,-3.9280179,7.740388,1.7348446,1.8156255,21,take off a hat/cap,1
S032C003P102R001A101.skeleton,34.414864,38.065357,-32.80529,-36.363148,-3.7200084,7.631048,0.06761924,-0.39115396,101,cross toe touch,3
S010C001P013R001A048.skeleton,38.076607,-10.405384,-31.792635,-25.08861,-3.6750374,1.2888684,-2.0308986,-0.82494336,48,nausea/vomiting,1
S011C001P001R001A054.skeleton,-11.421403,13.758193,-6.744165,-11.001817,0.63016707,4.4810596,1.7603374,0.082853206,54,point finger,1
S024C003P067R002A089.skeleton,-11.191969,51.34632,0.20490824,11.444899,1.1176369,8.561238,1.4331714,-0.5478943,89,put object into bag,3
S030C003P081R002A115.skeleton,-13.052068,0.7788508,-27.04543,-13.382821,1.5429586,3.3237832,0.43810543,0.7543911,115,take a photo,3
S023C002P066R002A077.skeleton,32.558056,29.230965,1.0040354,10.027842,-3.0005872,7.486769,1.7568979,0.42996123,77,snap fingers,2
S023C002P059R002A082.skeleton,-16.863073,-37.927685,1.8039075,0.7859046,2.783721,-1.6008633,1.8434675,-2.6729574,82,fold paper,2
S016C003P019R001A053.skeleton,-17.496101,34.445797,1.9464993,-10.702415,2.0323226,8.189639,-1.4158546,-0.29558262,53,pat on back,3
S027C001P085R002A070.skeleton,9.971069,-13.810256,15.110845,20.89657,-0.15625548,0.736403,1.2899712,1.463227,70,thumb down,1
S021C002P058R002A120.skeleton,8.852903,-25.423532,-12.156333,17.74221,0.8505869,0.071454145,1.1292201,0.25184593,120,rock-paper-scissors,2
S026C003P041R002A096.skeleton,-2.1110275,51.10656,-37.680775,-11.230353,0.27897534,9.086995,2.436211,-0.19288027,96,cross arms,3
S029C002P008R001A087.skeleton,-11.829963,19.934046,7.8187566,-24.011986,1.0531826,5.2477474,1.2282101,0.8201649,87,put on bag,2
S027C003P083R002A109.skeleton,13.971406,-40.55175,28.826534,20.542742,1.3152076,-1.9317272,0.9867999,-1.6823982,109,grab stuff,3
S030C001P094R001A105.skeleton,-8.336705,9.952923,-17.247646,39.662323,0.45955747,4.075753,1.6178112,0.17191404,105,blow nose,1
S026C002P049R002A065.skeleton,36.441536,27.068436,5.022751,63.686245,-3.5906537,6.9835668,0.1282949,-0.77906597,65,tennis bat swing,2
S025C001P068R001A098.skeleton,2.0730815,-39.996483,38.299854,-9.660099,1.369367,-1.5378008,2.0365834,2.357909,98,arm swings,1
S030C002P096R002A114.skeleton,38.607716,1.3840322,16.474882,-25.323338,-2.8423924,1.9025115,-3.2935472,-0.03684771,114,carry object,2
S018C003P043R002A116.skeleton,16.176136,-3.816868,-10.016419,-18.56746,-0.6484235,1.5174495,-0.45246565,-0.030989535,116,follow,3
S019C002P047R002A083.skeleton,1.7482235,21.74691,17.100426,23.805664,-0.11591955,5.7610993,-0.14329727,0.63707566,83,ball up paper,2
S007C001P028R001A001.skeleton,-27.141735,32.30856,30.451399,15.834124,2.5709412,6.64153,0.5941155,0.78167593,1,drink water,1
S008C002P032R002A049.skeleton,-8.345078,-15.384404,11.824999,-12.929353,1.5537965,1.0459586,2.239198,1.5990348,49,fan self,2
S032C002P041R001A114.skeleton,-1.4132217,12.246564,-35.160107,8.823236,1.4492297,4.9864345,-3.5947437,-0.051359117,114,carry object,2
S018C001P042R001A093.skeleton,6.4396935,-35.91354,24.241776,-21.568672,0.7150929,-1.360753,1.952056,2.3273478,93,shake fist,1
S003C002P007R002A046.skeleton,5.5772643,-46.15906,-21.049671,-15.569618,1.7604027,-1.1833688,0.5093397,1.834818,46,back pain,2
S006C001P017R002A047.skeleton,-13.599586,-6.6920524,26.998234,9.558992,1.9824715,2.2527494,1.153633,0.55853426,47,neck pain,1
S025C002P066R002A078.skeleton,-9.045896,-27.107351,1.908132,60.22786,1.7413632,-1.5460619,1.3391329,-1.4779482,78,open bottle,2
S004C003P007R002A004.skeleton,4.5544686,41.56299,-10.95903,0.88325,-0.28803942,7.124651,0.43321747,-1.9572995,4,brush hair,3
S026C002P008R001A066.skeleton,17.731476,33.375248,-31.146627,-3.4450037,-1.9299642,6.823082,2.415874,0.309968,66,juggle table tennis ball,2
S022C001P062R001A068.skeleton,1.220331,-35.382782,44.448914,-18.26135,1.0454643,-1.8562435,2.4275072,1.8777164,68,flick hair,1
S013C002P016R002A032.skeleton,21.225105,33.869736,-25.814066,-0.17114802,-2.2804697,6.8381286,1.6116236,-0.08693199,32,taking a selfie,2
S010C001P007R001A042.skeleton,32.028862,-18.9845,-20.845942,-30.149162,-1.8228048,-0.17858757,-4.8723793,1.5603309,42,staggering,1
S016C003P021R001A001.skeleton,42.04328,34.37756,48.718822,-4.3995347,-3.9549315,7.148974,1.4739459,0.7706199,1,drink water,3
S026C002P075R001A109.skeleton,-23.339779,39.017258,-17.218748,42.11109,2.3192775,7.4330072,0.10232437,-0.6423504,109,grab stuff,2
S026C002P070R002A112.skeleton,-28.15922,40.521805,-45.54947,13.193143,3.0553622,7.373518,0.81727076,-0.2910849,112,high-five,2
S018C002P044R001A062.skeleton,-24.2396,20.536144,6.003171,-23.110735,2.3333678,5.326995,1.4769126,0.86549395,62,take off headphone,2
S031C001P082R002A061.skeleton,-17.219149,-0.79177606,0.8303855,63.64558,2.051439,2.4830244,1.3285697,1.817981,61,put on headphone,1
S015C001P025R001A059.skeleton,35.299206,-18.6697,-7.6015067,27.009619,-1.9632753,0.5352437,-3.645814,0.12171594,59,walking towards,1
S010C001P007R001A005.skeleton,13.12198,-35.02824,-0.90794426,-2.5786047,0.14463815,-1.4220896,-1.8601393,-0.21644425,5,drop,1
S023C001P065R001A100.skeleton,-19.799273,-3.715797,2.183622,-8.909907,1.9262425,2.6901038,-3.5583827,-1.4162647,100,butt kicks,1
S012C003P017R001A046.skeleton,9.731877,18.023075,24.84445,-2.3799894,-0.67250097,4.920461,0.76660097,0.7730068,46,back pain,3
S007C001P016R002A024.skeleton,28.894829,-15.862596,1.5792915,-9.856849,-1.5468062,-0.5861618,-3.2080529,0.067798264,24,kicking something,1
S001C001P006R001A003.skeleton,7.540677,-37.72281,35.364475,9.299994,0.80049604,-1.4865673,0.9710045,0.7240265,3,brush teeth,1
S013C002P015R002A040.skeleton,-11.126975,-7.637441,1.0366087,7.287918,1.5030912,2.1388438,1.1342577,1.1768323,40,cross hands in front,2
S030C003P011R002A061.skeleton,-20.450813,-7.2123027,-9.445485,-7.746382,2.4110844,2.2373836,2.4483852,-0.47508243,61,put on headphone,3
S012C003P019R002A009.skeleton,6.852818,44.30268,11.710576,14.932406,-0.43494716,7.361977,-2.4782085,-3.035245,9,stand up,3
S013C003P008R001A034.skeleton,42.886883,33.71648,10.705475,-14.064637,-4.1772437,7.250315,2.4892714,-1.0203967,34,rub two hands,3
S007C003P026R002A005.skeleton,-29.136282,4.611912,-21.237988,-31.23326,3.3291168,2.8188283,-0.5079095,0.28436926,5,drop,3
S013C002P037R001A052.skeleton,22.962484,-22.889967,41.28374,-11.243681,-0.6231838,-1.8007364,-1.9045893,0.37011722,52,pushing,2
S002C003P007R001A015.skeleton,3.213943,-45.13621,-37.721447,-14.701467,1.765027,-1.187456,0.7957789,1.7805127,15,take off jacket,3
S002C003P011R001A006.skeleton,31.42218,-0.30893365,-42.95291,-27.954248,-2.779255,2.4348264,-4.210091,-0.31680772,6,pick up,3
S007C003P027R002A043.skeleton,2.542103,0.40063438,-21.837069,-14.976162,3.778955,2.1468043,-1.0452946,0.3160449,43,falling down,3
S016C001P008R002A044.skeleton,-27.572731,-10.354625,24.331684,7.774927,2.9288821,2.16505,1.2110698,1.2734672,44,headache,1
S031C003P082R001A063.skeleton,-13.501086,-4.303538,-2.583613,46.63602,1.6397456,2.3666909,1.8432275,1.9810388,63,shoot at basket,3
S031C003P051R001A114.skeleton,14.790115,3.3882992,-30.335518,-30.883694,-0.89430904,2.2604833,-3.63561,-0.0023553371,114,carry object,3
S011C003P025R002A012.skeleton,6.382691,44.96692,-6.2623396,-19.24729,-0.41663593,7.4294777,-0.0042716265,-2.9343324,12,writing,3
S009C001P015R001A003.skeleton,-9.132746,8.947569,-18.581932,-7.2627573,0.66398495,3.7835827,1.0352466,-1.2513956,3,brush teeth,1
S019C001P008R002A081.skeleton,4.700001,-5.952423,16.295393,-35.356106,-0.8394798,0.9746928,-1.4064741,0.103731275,81,toss a coin,1
S015C001P016R001A048.skeleton,-2.7251925,12.602658,22.594704,-25.051165,1.1203133,4.6780896,-2.0366664,-0.69689804,48,nausea/vomiting,1
S014C001P007R001A035.skeleton,38.091354,-9.2402725,40.624977,4.685203,-3.6883562,1.2490994,-4.426712,-0.06825395,35,nod head/bow,1
S008C003P019R002A060.skeleton,-5.725085,25.163456,-10.158557,22.67756,4.4846416,8.762066,-0.8930431,-0.6615055,60,walking apart,3
S006C003P022R001A049.skeleton,-13.215699,-7.5192695,46.40999,-4.220392,1.6063434,2.0918894,1.1259867,1.343619,49,fan self,3
S028C001P046R001A097.skeleton,3.341228,-42.31426,-11.136729,0.25086215,1.3761077,-1.5378878,2.040889,2.3476872,97,arm circles,1
S026C003P044R002A103.skeleton,5.521864,-9.52982,-34.510464,-14.168713,-0.07083241,1.0031078,0.70570254,0.16439855,103,yawn,3
S030C001P048R002A107.skeleton,-29.742247,-10.279772,-0.414205,64.30904,2.9593434,2.2512372,1.3121051,1.1299694,107,wield knife,1
S032C001P105R002A097.skeleton,-14.664325,-26.15697,2.1845555,43.58637,2.2179759,-0.61989266,0.93291897,2.8431914,97,arm circles,1
S011C002P019R001A002.skeleton,-29.62649,36.528282,-7.09306,-3.2678685,2.9521198,6.9784083,0.91034085,-0.82781196,2,eat meal,2
S020C003P041R001A092.skeleton,37.843334,-5.5332785,17.64591,21.153284,-3.3477833,1.6445235,-5.4169965,2.882833,92,move heavy objects,3
S020C002P054R001A085.skeleton,-29.94473,41.4112,25.417606,-19.430584,3.2050478,7.5381346,0.7976938,0.27975184,85,apply cream on face,2
S011C001P015R002A008.skeleton,33.777943,6.6274343,-29.249933,-3.4541929,-2.3376381,2.5602071,-4.453261,0.27632582,8,sit down,1
S003C001P018R002A041.skeleton,-7.6489744,-9.806278,-44.42938,5.5656915,1.3847592,1.8458676,1.9217906,0.4162591,41,sneeze/cough,1
S025C001P058R002A085.skeleton,-14.137748,-7.7914066,41.46061,1.6908623,1.8914146,2.1482224,2.154871,-2.1694903,85,apply cream on face,1
S026C001P069R002A074.skeleton,-17.671497,-8.0714,-32.20255,-23.930853,2.2337146,2.082055,1.239851,-1.6356701,74,counting money,1
S012C002P016R002A057.skeleton,22.64965,5.6224556,-10.454364,-24.23152,-1.6408426,2.148811,-2.8934016,-1.1544243,57,touch pocket,2
S010C002P007R001A021.skeleton,18.248917,37.723866,5.9950886,-27.500187,-2.1229734,6.6743417,2.0725908,0.47518516,21,take off a hat/cap,2
S002C002P011R002A006.skeleton,-4.1265345,0.8090329,-35.569115,-20.58016,1.8826758,3.2515812,-4.698901,-1.1024237,6,pick up,2
S015C001P019R002A011.skeleton,-16.072363,-45.834484,-9.189014,18.627563,2.699548,-2.2794456,1.227104,-2.5117626,11,reading,1
S024C003P064R002A109.skeleton,-27.98683,39.05351,-9.035098,24.595375,2.9578352,7.3088717,0.8752904,0.46487045,109,grab stuff,3
S027C003P041R001A084.skeleton,19.52366,-37.546875,23.258202,8.205645,0.43105575,-0.6507807,1.7347811,-1.7375169,84,play magic cube,3
S028C002P041R002A107.skeleton,14.311323,-8.05937,4.0342197,59.90861,-0.81552863,0.93271935,-1.2888938,0.12275827,107,wield knife,2
S029C003P044R002A090.skeleton,5.267799,3.3208058,-19.897367,5.1896877,3.831822,2.0875785,0.4944747,-1.4685053,90,take object out of bag,3
S010C001P021R001A034.skeleton,-13.5918,8.640573,-2.5485175,-23.571623,1.0378563,-1.6263078,2.6343668,0.10120267,34,rub two hands,1
S003C003P015R001A021.skeleton,-19.058657,-15.013415,-41.184196,-26.354721,2.4070392,1.5873057,2.2837307,1.8281146,21,take off a hat/cap,3
S008C001P033R002A025.skeleton,-30.27401,-29.579887,31.097488,-2.9263737,3.4562833,-0.09374083,-1.32525,0.90420896,25,reach into pocket,1
S004C001P003R002A027.skeleton,28.012379,-33.978897,9.199025,-1.4336898,-1.1198064,0.5325157,0.01169139,0.9402469,27,jump up,1
S019C001P008R001A111.skeleton,-26.748026,-32.04943,3.2699404,44.86721,3.4263775,-0.16796805,-0.96880484,0.08154078,111,step on foot,1
S016C003P025R002A059.skeleton,-2.99719,20.168283,-6.0470843,28.06537,0.54366744,5.543724,-3.204331,0.10815652,59,walking towards,3
S010C001P016R002A036.skeleton,-21.478008,-4.3884377,-39.180954,3.2447767,2.2711709,2.2958543,-0.15993297,0.83166105,36,shake head,1
S030C003P044R001A072.skeleton,6.387407,-32.353817,-2.338247,-18.920156,0.9709525,-0.5721888,1.358887,2.48201,72,make victory sign,3
S010C001P017R001A006.skeleton,33.265137,-0.7343911,-43.89253,-25.396097,-2.848004,2.4215398,-6.089919,2.4932148,6,pick up,1
S029C001P049R001A094.skeleton,13.064492,-22.77171,-1.5759723,63.613007,-0.24709895,-0.9343952,1.2348161,1.2018852,94,throw up cap/hat,1
S012C002P008R001A045.skeleton,23.23905,27.07269,30.944277,18.577757,-2.2735956,7.002638,-0.56448746,-0.3416046,45,chest pain,2
S013C002P025R001A017.skeleton,-23.093878,47.604855,-13.885374,-27.551716,3.132045,7.740405,-1.6243145,0.8109733,17,take off a shoe,2
S003C003P016R001A043.skeleton,32.443893,-17.46574,-41.88645,-29.599234,-1.8309364,-0.11140965,-6.9891787,3.6563551,43,falling down,3
S029C003P041R001A097.skeleton,-0.68172014,-50.575356,-11.59606,3.6500633,1.6221582,-0.72543263,2.0920024,3.6674154,97,arm circles,3
S030C001P088R002A098.skeleton,5.4492292,-15.587401,-6.034997,0.9714249,0.51857245,0.52691954,1.9816327,3.1563854,98,arm swings,1
S011C002P015R002A038.skeleton,-18.697502,-15.539525,-24.679184,-8.37015,2.51033,1.1245816,1.8372514,1.1820724,38,salute,2
S025C001P065R002A074.skeleton,-20.413513,-7.726753,39.43372,0.86602074,2.6374815,2.2375104,2.1144352,-1.9312352,74,counting money,1
S026C003P069R002A064.skeleton,-27.160194,4.7832108,-37.58443,-1.2494682,3.21691,2.9178874,-2.1403935,0.27238154,64,bounce ball,3
S028C003P048R001A093.skeleton,9.997691,-30.985165,-15.261429,38.96437,0.6458354,-0.4313227,1.6428826,1.5631671,93,shake fist,3
S001C001P003R002A036.skeleton,5.6843157,40.583168,-6.135055,28.063274,-0.27222696,7.119924,-0.8318696,-0.8417082,36,shake head,1
S020C001P052R001A108.skeleton,13.220392,0.81985784,44.87905,-9.668519,-0.7238412,2.1219559,-0.8564356,-0.3550324,108,knock over,1
S002C001P014R001A038.skeleton,6.5664964,-36.76826,-41.365826,-10.87287,0.61477554,-1.4800712,1.6422057,0.3879645,38,salute,1
S030C001P096R002A082.skeleton,-14.115874,-47.166893,-13.873526,3.790222,2.841765,-2.3924518,1.6613251,-2.6916294,82,fold paper,1
S015C002P007R002A043.skeleton,24.976797,-30.547773,44.538013,-0.5095525,-1.1525459,-0.00057230645,-3.2021124,0.84888744,43,falling down,2
S028C002P046R002A068.skeleton,8.8557,-31.641392,-2.8327372,-21.600534,0.83185774,-0.46697587,1.7417737,2.8261926,68,flick hair,2
S029C001P090R001A102.skeleton,20.56021,-21.36701,-19.606932,38.160786,-0.7918831,-1.7244858,-1.2651402,-0.5295762,102,side kick,1
S031C002P044R001A076.skeleton,-29.58925,38.884003,-1.3482947,-20.762486,2.9770918,7.1919494,0.7600243,-0.24569345,76,cutting paper,2
S023C001P058R002A100.skeleton,4.4459786,-5.223701,-8.07357,13.949063,3.410354,1.8114395,-2.4217017,-0.43548965,100,butt kicks,1
S022C003P065R002A094.skeleton,-3.4696975,50.66732,-9.894119,15.196731,0.29573873,9.038725,0.9729369,-0.4536029,94,throw up cap/hat,3
S031C001P085R002A094.skeleton,-23.41523,-26.738382,4.1550546,67.359406,2.6717339,-0.40332162,1.6737467,1.427167,94,throw up cap/hat,1
S017C002P009R002A026.skeleton,18.037825,-30.837305,18.37612,-25.754868,-0.33263177,-0.4101764,-1.0994138,-0.5399683,26,hopping,2
S027C003P081R001A067.skeleton,-12.302168,-12.346222,23.164892,0.51821744,1.7254603,1.8569266,0.64393544,-0.24543214,67,hush,3
S006C001P017R001A041.skeleton,-8.76557,8.0272,20.020191,-20.961235,0.63140506,3.8034604,-0.12717637,-0.33517808,41,sneeze/cough,1
S027C002P011R002A083.skeleton,-9.2183695,-35.726734,5.868712,36.877098,1.8258687,-2.4598253,1.4764037,-3.207964,83,ball up paper,2
S006C003P022R001A052.skeleton,-26.502302,1.694157,40.14129,-8.069833,2.3428361,3.5484498,-2.8405325,-1.0090551,52,pushing,3
S005C001P018R001A025.skeleton,-6.8997645,6.4673862,-23.012066,12.336694,0.87160814,3.9181864,0.21610677,-0.31007135,25,reach into pocket,1
S029C003P006R001A068.skeleton,17.1103,-41.124077,-11.641202,2.1332552,0.61778814,-0.6656504,1.4589896,1.7919343,68,flick hair,3
S010C001P021R002A033.skeleton,43.58539,33.24506,-14.824538,-23.661764,-4.152093,7.2654004,1.4509047,-0.19006094,33,check time (from watch),1
S027C001P006R002A077.skeleton,17.979963,-39.981453,14.920304,18.797258,0.4694847,-0.6162393,0.63190556,-0.16026425,77,snap fingers,1
S006C003P019R002A054.skeleton,10.45935,-10.300576,41.662994,-7.1825433,-0.2991326,1.061307,0.870062,0.98362565,54,point finger,3
S006C003P016R001A041.skeleton,-0.83877707,-13.866541,-1.6611279,-21.275803,0.88278615,0.9983087,0.35788482,-0.6105144,41,sneeze/cough,3
S032C001P008R001A065.skeleton,0.40468866,-6.9710646,-0.29417634,46.03197,0.5208336,1.3363645,0.4106947,1.4240501,65,tennis bat swing,1
S010C002P019R002A048.skeleton,36.758255,-25.848999,-27.052963,-19.766731,-1.6677191,1.1980625,-1.7944751,-1.8148632,48,nausea/vomiting,2
S004C001P008R002A048.skeleton,-22.46684,-34.12228,5.7336483,1.2121816,2.9775577,-1.1887211,0.64624786,-2.4986737,48,nausea/vomiting,1
S013C003P028R002A013.skeleton,12.88931,29.01135,6.416523,-10.23285,-1.0973194,6.669743,1.5692314,0.080956884,13,tear up paper,3
S031C003P097R002A079.skeleton,-3.2846158,51.254684,-0.19288254,7.043257,0.27989846,9.092606,-0.1500719,0.031490427,79,sniff/smell,3
S030C003P067R001A078.skeleton,-11.418336,-40.99729,-10.627761,-3.5374186,2.510682,-2.2278066,2.0394874,-2.848281,78,open bottle,3
S016C003P019R002A008.skeleton,19.927908,11.470782,47.498756,4.032772,-2.0719433,2.9171343,-3.5176167,0.3690287,8,sit down,3
S008C001P034R001A033.skeleton,-11.863304,8.073828,31.274042,-8.464786,0.5027492,3.7763066,1.6258968,-1.4458119,33,check time (from watch),1
S029C003P075R001A088.skeleton,-8.005552,-20.791399,-18.815506,-1.0892147,1.6488268,0.31674448,2.0201304,1.478307,88,take off bag,3
S026C002P041R001A119.skeleton,25.355488,-20.718477,-39.428143,5.108968,-1.0927607,-1.1246552,-2.5902853,0.028035354,119,support somebody,2
S010C003P013R001A010.skeleton,7.1283016,-15.560326,-44.643555,-16.03616,0.33004913,0.62167853,1.1054653,0.82160634,10,clapping,3
S001C003P008R001A049.skeleton,0.7158087,-15.961033,-22.790733,-17.797888,0.85543734,0.63203084,0.8471795,1.5782007,49,fan self,3
S013C003P016R002A054.skeleton,-20.259954,13.330327,-8.923025,16.033895,1.5058511,6.1607347,-1.3624084,0.96077305,54,point finger,3
S005C001P015R002A041.skeleton,34.7222,4.908705,-22.360033,15.503358,1.7494258,2.3322861,-1.0605705,-0.029069876,41,sneeze/cough,1
S023C001P058R001A081.skeleton,13.694001,-23.616777,4.7591276,67.56275,-0.20122476,-1.1723815,1.6179568,0.8561803,81,toss a coin,1
S032C003P041R001A071.skeleton,-0.7716705,-40.956146,-14.285666,36.974804,1.8429761,-1.3489643,0.80089086,1.779498,71,make OK sign,3
S024C002P067R001A110.skeleton,-3.659058,4.42078,6.684067,72.0535,1.4637734,4.2107034,-0.021202981,2.6538882,110,shoot with gun,2
S005C003P018R001A018.skeleton,-16.937147,-18.069246,-41.40542,-9.88411,2.5125186,0.8170554,1.7256323,0.19929276,18,put on glasses,3
S002C002P012R001A058.skeleton,-27.45933,-4.995493,-35.0077,-29.638208,2.72884,2.9177942,-0.1836273,1.1750903,58,shaking hands,2
S011C001P015R002A019.skeleton,23.617136,37.302547,-28.92924,-4.4136825,-2.2782438,6.2184896,0.2334485,-0.26566112,19,take off glasses,1
S008C001P019R001A056.skeleton,-12.320089,29.181007,-35.41203,-31.393883,0.98143005,7.1046762,0.15189958,0.09166318,56,giving object,1
S012C001P028R001A053.skeleton,-9.373069,15.497318,38.04909,1.6478255,0.6818364,4.8136225,1.244631,1.1342112,53,pat on back,1
S013C003P037R002A002.skeleton,-33.855957,2.831769,-22.47464,-23.074026,3.7529616,2.8806326,-0.14407869,0.5881353,2,eat meal,3
S029C003P051R001A065.skeleton,9.332625,-14.790858,-10.384948,-0.10063249,-0.17107747,0.71289,0.4306642,2.7375345,65,tennis bat swing,3
S005C001P016R001A011.skeleton,-13.250732,14.417741,-5.917857,4.8871174,0.73793805,4.5343065,1.0456024,-0.549089,11,reading,1
S030C003P095R001A115.skeleton,-11.877501,35.338093,-36.66211,-27.957006,1.3857433,7.4064317,-0.72986215,-0.19320352,115,take a photo,3
S032C003P044R002A082.skeleton,5.2144766,54.135536,-12.527027,4.767294,1.181424,7.488614,2.18058,-1.7053254,82,fold paper,3
S031C001P044R001A064.skeleton,3.831483,14.226533,-39.345543,14.084458,0.58662075,4.008486,0.6427658,0.51954937,64,bounce ball,1
S030C001P093R002A091.skeleton,-19.533941,-9.0193,-16.353176,1.8811208,2.5088603,1.9051205,1.0790936,-2.5105531,91,open a box,1
S025C003P056R001A077.skeleton,-9.6714325,-8.688126,43.402172,7.164749,1.3410903,2.0216527,1.1141175,0.7017496,77,snap fingers,3
S012C003P008R002A018.skeleton,39.82647,37.29683,31.22765,-6.8842216,-3.9415374,7.7101827,0.5466251,-0.19781251,18,put on glasses,3
S002C003P011R002A025.skeleton,-14.5047655,50.34195,-43.493004,-27.733255,1.2861012,8.406231,-0.510132,1.153978,25,reach into pocket,3
S023C001P062R002A104.skeleton,-26.550396,-12.366128,-14.555978,18.550257,2.6336691,1.8202095,1.291636,3.3201175,104,stretch oneself,1
S022C003P064R001A105.skeleton,-0.62826526,-16.407167,-11.435743,19.672932,0.943167,0.7466433,1.512035,1.5737252,105,blow nose,3
S023C002P067R002A061.skeleton,36.595737,29.659096,0.8275711,9.567956,-3.3202534,7.220711,2.3354225,0.5665118,61,put on headphone,2
S001C003P006R002A021.skeleton,-1.7898694,53.04488,-9.317483,-26.469965,0.2656092,8.946877,2.871347,-1.2490737,21,take off a hat/cap,3
S014C001P015R002A040.skeleton,-21.140537,-9.493237,11.119136,-3.2103755,2.5420783,1.9974542,2.5458155,0.5420629,40,cross hands in front,1
S015C003P025R002A010.skeleton,19.976877,30.58421,-30.530241,-35.784924,-1.9958018,6.8426733,-0.35870478,-0.73932934,10,clapping,3
S027C003P086R002A114.skeleton,21.786995,8.049411,17.571487,23.923418,-2.1300902,2.611035,-5.801422,2.9902034,114,carry object,3
S008C001P019R001A038.skeleton,28.789858,-19.606903,39.006348,-14.303048,-1.4821634,-0.5203851,-1.3758008,1.4415524,38,salute,1
S009C003P007R002A009.skeleton,6.7072873,37.54326,-35.02845,-29.294662,-0.5149032,6.6166196,-2.6404922,-4.1133456,9,stand up,3
S032C002P041R001A080.skeleton,32.07372,-4.030068,3.7081351,-13.254382,-3.2045715,2.1437862,-5.951122,3.1590989,80,squat down,2
S010C003P007R002A031.skeleton,15.443686,28.36559,-10.584622,-22.445024,-1.2587413,6.8121033,0.7679281,0.6319042,31,point to something,3
S017C003P003R001A019.skeleton,-16.325403,-21.414364,41.093304,5.273803,2.5632305,0.20672397,2.3632216,0.9226488,19,take off glasses,3
S031C003P101R002A079.skeleton,-4.722105,26.115574,-16.00417,40.172783,4.4857106,8.796437,1.6026388,-0.41647476,79,sniff/smell,3
S017C002P009R001A054.skeleton,-25.443062,40.73194,-15.3490715,37.942406,2.5374582,7.6590877,-0.4773503,1.1469564,54,point finger,2
S023C003P061R002A081.skeleton,6.492353,41.664566,-9.057834,36.31546,-0.3629418,7.208687,0.3329964,-0.7352406,81,toss a coin,3
S030C003P067R002A074.skeleton,-10.049481,49.893776,-15.062305,-3.3053124,1.0524495,8.508093,0.9670548,-0.15900558,74,counting money,3
S004C003P020R002A031.skeleton,-36.73621,2.0469573,-20.072987,-16.54648,4.1895547,3.1880898,-0.6636165,0.9037267,31,point to something,3
S027C003P041R001A061.skeleton,-8.817343,-43.219875,26.601198,1.2095424,2.1251416,-1.8454317,1.9376744,-0.31747717,61,put on headphone,3
S007C002P018R002A032.skeleton,-12.674848,-29.870556,33.973618,-12.324463,1.9275273,-2.2842662,1.1998132,-1.2420669,32,taking a selfie,2
S019C001P008R002A119.skeleton,15.827105,2.5418258,9.7339325,-9.917265,-0.901734,2.213886,-3.7136853,-0.85272825,119,support somebody,1
S027C002P041R001A120.skeleton,-24.785559,42.04956,-33.95302,-1.8135996,2.6817799,7.707613,0.05407764,-0.15263453,120,rock-paper-scissors,2
S023C001P065R001A103.skeleton,-9.233481,7.58776,1.2279856,-10.320592,0.642197,3.739911,1.0710437,-0.25783643,103,yawn,1
S027C002P079R001A107.skeleton,13.104423,0.8168246,47.876846,-9.221162,-0.76046664,2.1530912,-0.7106861,-0.3865682,107,wield knife,2
S024C003P057R001A067.skeleton,20.956766,-10.528522,2.4849796,70.67508,-1.8359039,-1.7190388,1.2631055,1.8514316,67,hush,3
S003C003P018R001A051.skeleton,28.670782,-16.368372,-42.840065,8.339951,-1.5047815,-0.5344158,-1.9034535,-0.8906706,51,kicking,3
S016C003P019R002A044.skeleton,7.3222475,22.153667,27.140099,16.338192,-0.5674201,5.436923,1.0404197,-0.30843836,44,headache,3
S032C002P106R002A072.skeleton,6.39255,-30.405123,1.600608,44.118385,1.0112588,-0.3371143,1.4617641,2.0614212,72,make victory sign,2
S016C001P025R002A023.skeleton,39.084484,37.17334,45.60232,3.997958,-3.9318593,7.729672,1.8250248,1.5234175,23,hand waving,1
S013C001P028R002A047.skeleton,-21.100803,-10.145117,-28.842823,-4.722775,2.4602056,1.948616,2.143019,0.86979336,47,neck pain,1
S023C002P068R002A074.skeleton,-14.028636,-42.20815,4.0933175,-28.51382,2.5742595,-1.6595554,0.7029623,-2.6925716,74,counting money,2
S026C002P070R002A118.skeleton,-28.056017,47.036858,-45.19981,12.796487,3.6000643,8.2290745,0.08111429,0.30471373,118,exchange things,2
S018C001P041R002A116.skeleton,23.468266,3.3788016,21.370478,-30.354322,-1.6396834,1.8343179,-4.0668473,-1.2386515,116,follow,1
S012C003P037R001A019.skeleton,-13.926446,-24.2877,-3.031895,-8.456703,2.3036,-0.3018002,2.2466981,1.3734871,19,take off glasses,3
S022C003P063R001A096.skeleton,-14.721329,-40.281723,-0.64129215,18.29604,2.4714642,-1.8541317,1.9023322,-2.358007,96,cross arms,3
S012C001P019R001A027.skeleton,30.23839,-34.511776,24.432781,-20.927744,-1.0133525,0.45296776,-0.3886343,0.8868949,27,jump up,1
S024C001P064R002A090.skeleton,5.524956,3.4596884,28.676353,14.25542,3.8291397,1.928825,0.91760164,-2.336533,90,take object out of bag,1
S027C002P085R001A070.skeleton,-26.096342,20.589836,23.699585,-2.6458533,2.4609985,5.340741,0.21042262,0.1914237,70,thumb down,2
S001C002P001R001A023.skeleton,17.753279,34.19233,22.313213,13.059261,-1.9129069,6.755671,1.5024066,-0.16932577,23,hand waving,2
S024C002P060R001A117.skeleton,25.401999,-15.530407,6.9583993,60.558323,-1.030005,-0.38940233,-1.757317,0.6432419,117,whisper,2
S028C003P046R002A115.skeleton,-17.011925,35.82136,-37.7519,-12.374191,2.0057704,8.14052,-0.616968,-0.91807324,115,take a photo,3
S015C003P015R002A044.skeleton,9.370619,22.420147,25.347893,16.770678,-0.88124835,5.5970955,1.3811421,-0.4318132,44,headache,3
S031C001P044R002A068.skeleton,5.755592,-17.522373,-15.780499,-14.859215,0.4868361,0.55593187,2.2668824,1.5507084,68,flick hair,1
S007C003P008R001A046.skeleton,-0.330921,-17.728214,12.846678,-21.82404,1.1588455,0.68096954,-0.68109775,0.09837607,46,back pain,3
S007C001P027R001A057.skeleton,19.144016,-25.110601,38.763313,-12.16736,-0.7403525,-1.3030182,-2.44614,-0.02769679,57,touch pocket,1
S002C003P007R001A042.skeleton,24.702097,-23.425985,-40.998997,-18.448528,-0.69242525,-1.7155277,-2.7721045,0.4980769,42,staggering,3
S020C002P044R001A094.skeleton,1.9245948,41.13694,26.138157,-11.407656,-0.06272795,7.101786,2.7234898,0.52320445,94,throw up cap/hat,2
S015C003P007R002A044.skeleton,14.955991,27.97019,18.948362,2.9036787,-1.1709565,6.757465,1.6068923,0.07881093,44,headache,3
S002C002P008R002A034.skeleton,-14.0081215,-34.429237,-42.002365,-25.610315,2.5546951,-1.6664001,1.963181,-2.43437,34,rub two hands,2
S015C003P017R001A047.skeleton,-8.812928,-13.904293,-10.055389,12.736559,1.5505316,1.547758,2.0641387,0.3730563,47,neck pain,3
S026C003P070R002A117.skeleton,-28.240013,-1.0856445,-36.234447,-9.230002,2.8295784,2.771519,1.2801799,-1.2718263,117,whisper,3
S027C002P085R001A085.skeleton,-31.254932,-19.94126,10.058228,-16.750734,1.109908,-1.4786015,0.18062598,-1.5751204,85,apply cream on face,2
S008C003P001R002A034.skeleton,-10.697008,47.328613,32.48231,-4.980884,1.0961607,8.1621065,1.7661382,-0.21173,34,rub two hands,3
S025C003P068R001A109.skeleton,-0.5962133,22.12575,-12.982929,38.386616,0.22324775,5.549731,-1.1826845,-0.38363904,109,grab stuff,3
S008C002P031R001A021.skeleton,-25.646791,21.452204,42.037373,-17.159027,2.4664648,5.3813457,1.4851271,1.8366945,21,take off a hat/cap,2
S022C002P065R002A113.skeleton,-19.40995,39.466118,-35.486294,-1.4784651,2.1888387,7.679198,0.72296536,0.453669,113,cheers and drink,2
S027C002P044R001A109.skeleton,20.0497,34.255867,-19.65514,40.73087,-2.2547455,6.7946386,1.33475,-1.1778725,109,grab stuff,2
S014C001P017R001A036.skeleton,4.4725084,17.0769,33.32583,8.930053,-0.5509576,5.325542,0.46156752,-0.666732,36,shake head,1
S031C003P082R001A081.skeleton,-16.174454,-5.462948,1.5445713,62.39487,2.1609733,2.2033114,1.0590049,-1.0750438,81,toss a coin,3
S029C003P048R001A071.skeleton,8.617677,-28.565416,-10.958091,-6.404664,0.76330537,-0.15364459,1.3826624,2.0092955,71,make OK sign,3
S030C002P091R001A120.skeleton,-14.047321,0.5219231,39.943764,-4.232567,1.6331983,3.1253214,-0.08794701,0.7450547,120,rock-paper-scissors,2
S001C003P004R002A047.skeleton,-33.164818,3.169494,-21.95731,-28.159786,3.6008892,2.8783622,-0.35460955,0.74591994,47,neck pain,3
S010C003P019R002A052.skeleton,0.7290622,-28.428581,2.848371,18.686474,0.118633345,-2.0326345,-1.8554592,-0.4059174,52,pushing,3
S030C002P094R002A088.skeleton,-10.973172,10.654776,-17.21514,-8.91002,0.26932424,4.308058,1.0676653,0.48253936,88,take off bag,2
S016C001P007R002A018.skeleton,-21.65729,-40.485863,39.582012,-3.0840607,3.1367598,-1.6340342,1.8370035,-1.7021787,18,put on glasses,1
S031C001P097R002A093.skeleton,9.124923,-13.528662,2.3184154,61.84895,-0.1169273,0.7886153,1.1249845,1.3179766,93,shake fist,1
S028C002P073R001A104.skeleton,-5.546025,26.826996,-23.586594,-14.684399,4.460496,8.789421,0.23635638,0.2658981,104,stretch oneself,2
S012C003P017R002A020.skeleton,11.765082,23.983446,21.952042,13.61928,-1.5189481,5.892699,0.22717603,-1.8665632,20,put on a hat/cap,3
S010C003P019R001A029.skeleton,-10.3245325,-39.629776,-40.648697,-16.238623,2.3448591,-2.3670645,1.2790363,-3.2449744,29,play with phone/tablet,3
S013C002P017R002A047.skeleton,-4.5374894,-11.709374,-15.217482,-25.91438,0.97703874,1.4796151,1.6552432,0.40979758,47,neck pain,2
S012C002P025R002A042.skeleton,38.300907,1.364803,34.9527,3.787572,-2.8377576,1.7993485,-4.7294044,0.51544124,42,staggering,2
S030C002P076R002A094.skeleton,-2.3670676,-17.549213,-3.7857692,47.725872,0.8380721,0.093420304,2.1072345,1.9693116,94,throw up cap/hat,2
S001C002P008R001A050.skeleton,-24.238104,-1.1079016,48.402706,-7.975528,2.455362,3.0167115,-1.9127358,0.90700936,50,punch/slap,2
S011C001P038R002A018.skeleton,23.841105,38.455654,-30.82844,-2.9487288,-2.2756705,6.156067,0.9020455,-0.40768343,18,put on glasses,1
S022C003P067R002A083.skeleton,-4.70316,51.473724,8.009528,7.8891063,0.33904532,9.050844,0.9449088,-1.1501902,83,ball up paper,3
S003C003P016R002A008.skeleton,-6.81855,44.185936,-41.931393,7.3623786,0.79659545,7.6119537,-0.3906127,0.036034852,8,sit down,3
S025C001P066R001A115.skeleton,-22.174135,46.64218,3.3782465,71.25848,2.9280758,7.5737867,-1.7271538,1.4240875,115,take a photo,1
S030C002P094R001A081.skeleton,-24.683989,36.359272,-2.5906527,47.872845,2.3505533,7.0123014,0.40742943,-0.41155478,81,toss a coin,2
S016C002P008R002A019.skeleton,-14.159205,-24.116678,40.15033,2.3498335,2.2821336,-0.20961307,1.3004684,0.99324304,19,take off glasses,2
S001C003P005R001A004.skeleton,-5.118269,-25.862349,1.0771042,-28.411217,1.8739917,-0.2988313,1.4399877,2.100894,4,brush hair,3
S011C003P027R001A011.skeleton,-10.708124,-40.26229,-19.1222,6.561232,2.327126,-2.3649583,1.5475928,-3.0272677,11,reading,3
S006C001P023R002A031.skeleton,38.175785,28.679075,31.61245,19.223051,-3.5623105,7.119927,0.7678342,0.1789034,31,point to something,1
S031C003P099R001A088.skeleton,-2.9039469,-47.824226,5.752553,-27.43401,2.0596495,-0.6106861,1.5775524,1.2298135,88,take off bag,3
S022C003P066R001A097.skeleton,1.1593422,-48.467064,7.88466,3.689603,1.7633414,-0.9575567,1.2496297,3.8322864,97,arm circles,3
S012C003P028R001A026.skeleton,25.843225,10.50128,18.935532,-0.68884605,-1.5839229,2.6316395,-2.9232645,-2.2005053,26,hopping,3
S026C001P041R002A079.skeleton,-16.437864,-47.752357,-21.887842,-30.867493,2.8722339,-2.3275447,1.4862876,-2.4477,79,sniff/smell,1
S011C003P025R001A020.skeleton,41.88354,33.451004,7.1982565,-18.42732,-4.070703,7.186949,1.2153463,-0.17995474,20,put on a hat/cap,3
S002C002P007R001A045.skeleton,-16.85993,8.735352,-46.26999,8.22008,1.7886555,4.443786,0.014902353,-0.27857488,45,chest pain,2
S020C001P054R002A087.skeleton,31.901472,-30.92424,28.371264,1.0534402,-1.0194023,0.6623926,0.28644192,-1.0804396,87,put on bag,1
S017C002P009R002A016.skeleton,32.210094,33.7469,40.21572,0.35565776,-3.4112792,7.565271,-2.553028,-1.5545517,16,put on a shoe,2
S007C002P017R001A036.skeleton,-17.862764,27.15513,32.638477,-11.433821,1.631839,6.389126,0.0073230267,-0.31436914,36,shake head,2
S002C003P011R002A009.skeleton,23.55266,14.420591,-35.789116,-28.572552,-0.68624616,6.0440097,-5.325022,-3.9692945,9,stand up,3
S012C001P017R001A045.skeleton,2.2986808,18.454576,44.10791,5.5377774,-0.37125066,5.25983,1.0741701,0.16725194,45,chest pain,1
S016C003P039R002A055.skeleton,-0.21454413,21.40153,31.03542,23.677044,0.24436389,5.800162,-0.32753694,-0.29074073,55,hugging,3
S010C003P018R001A020.skeleton,-3.5992768,-6.461262,-15.013172,-2.4022603,0.7278573,1.8515229,1.5925262,1.7417006,20,put on a hat/cap,3
S032C002P105R001A108.skeleton,20.901283,-8.858267,6.310541,71.79281,-2.0175364,-1.670952,0.1368078,1.5474746,108,knock over,2
S029C001P041R001A091.skeleton,-4.5331316,-31.067741,-20.934788,13.486351,0.72498685,-2.3992863,1.3318163,-2.3078413,91,open a box,1
S032C001P067R001A112.skeleton,13.899894,-21.857458,1.7166706,61.582825,-0.40663087,-1.0254052,0.14860839,1.4910856,112,high-five,1
S032C001P067R002A063.skeleton,39.48456,33.47283,35.067463,-0.18418124,-3.7206163,7.2249374,1.8731604,0.7923841,63,shoot at basket,1
S014C001P008R001A056.skeleton,-33.461052,2.4027708,44.450825,-18.620695,3.6514413,2.8114388,0.555362,-0.37607822,56,giving object,1
S029C003P090R002A087.skeleton,-19.946522,16.342037,-39.398666,-8.569675,1.6284335,6.194698,0.49157736,-0.5628235,87,put on bag,3
S013C002P008R001A025.skeleton,12.430643,5.3777685,25.028847,-10.485656,-0.7377511,2.2895691,-0.262239,-0.28216177,25,reach into pocket,2
S031C002P082R001A120.skeleton,10.712483,-11.681634,43.862576,-4.108916,-0.28129148,0.94421667,1.1288719,0.20606324,120,rock-paper-scissors,2
S029C001P089R001A091.skeleton,-7.114767,12.754705,26.950083,10.033786,0.20032121,4.5771847,1.6572372,-0.69497824,91,open a box,1
S024C002P062R002A103.skeleton,-2.6276636,-17.34391,6.467485,61.73766,1.1911353,0.7766606,2.145185,1.111408,103,yawn,2
S023C003P068R001A079.skeleton,-19.395906,-28.761396,0.9392085,60.492462,2.1200962,-0.1067055,1.5910528,-0.75779355,79,sniff/smell,3
S032C001P105R002A089.skeleton,4.919711,1.6743145,30.168734,-13.082123,3.7660186,2.1108434,-0.9486804,-1.1185011,89,put object into bag,1
S017C001P008R001A053.skeleton,-26.1811,-31.05347,24.013006,-23.138357,3.363283,-0.073768094,-0.70135885,0.98781955,53,pat on back,1
S021C001P055R002A065.skeleton,21.169086,-9.134325,3.9427948,69.54594,-1.9839151,-1.6944754,-0.9535575,0.7405466,65,tennis bat swing,1
S011C003P019R002A011.skeleton,-5.037245,50.87092,2.9430933,15.39241,0.3203013,9.054877,-0.47457528,-0.87947565,11,reading,3
S006C001P007R001A031.skeleton,18.299381,-24.131618,40.798462,-3.363838,-0.818146,-1.1809258,-1.3066826,1.6763874,31,point to something,1
S026C001P041R001A118.skeleton,31.55528,-20.05868,-35.365795,-0.44346505,-1.7349392,-0.21876304,-2.468507,0.9995806,118,exchange things,1
S029C001P043R002A118.skeleton,22.777096,-20.124868,-35.110863,14.352291,-0.95717275,-1.7132316,-0.26489723,-0.49250454,118,exchange things,1
S007C002P008R001A029.skeleton,-25.353992,19.369595,27.465578,-7.0892835,2.3699648,5.3117886,1.675447,-0.78609836,29,play with phone/tablet,2
S028C001P073R002A114.skeleton,38.2862,-6.762964,-13.616012,19.42859,-3.454048,1.581506,-5.5964923,3.2805438,114,carry object,1
S024C003P060R002A072.skeleton,4.6420484,45.06391,3.9238389,72.92361,-0.3970842,7.39406,-2.3842611,0.22463906,72,make victory sign,3
S008C002P001R001A008.skeleton,-14.993959,43.24956,48.507416,-2.2736738,1.4718287,7.587716,-3.4872806,0.7213639,8,sit down,2
S015C002P007R002A048.skeleton,38.08873,26.207672,43.938164,0.76449025,-3.6268325,6.8785343,-0.060217742,-2.1073182,48,nausea/vomiting,2
S031C002P101R001A101.skeleton,40.063473,-10.6326,-4.9079638,-11.101217,-3.692966,1.2558472,-3.9286506,-0.049110282,101,cross toe touch,2
S006C001P023R002A012.skeleton,31.99848,32.54454,28.833113,18.620806,-3.147639,7.598433,0.92490804,-0.4000328,12,writing,1
S011C003P038R002A043.skeleton,21.212278,10.304709,-10.078037,15.838395,-2.1253269,2.8757384,-5.8404093,1.9089018,43,falling down,3
S008C003P036R001A012.skeleton,9.285462,-11.948878,43.841286,-13.531137,-0.022284675,1.0178051,0.7452407,-0.8894349,12,writing,3
S013C003P016R002A049.skeleton,15.314789,34.9168,4.168879,-8.352626,-1.4793464,6.6596904,0.7754649,-0.07577345,49,fan self,3
S031C001P008R001A062.skeleton,33.467625,34.741802,-17.076689,-26.658579,-3.4571831,7.4834104,0.45720068,-1.1549878,62,take off headphone,1
S023C003P065R002A114.skeleton,-12.886093,44.34018,15.942451,17.36926,1.0745461,8.086768,-5.280601,1.8984065,114,carry object,3
S002C001P009R001A004.skeleton,6.04734,-36.35003,-41.857597,-9.173767,0.7393162,-1.4716214,2.1398346,1.3341933,4,brush hair,1
S023C001P066R001A087.skeleton,0.99272084,-6.194429,-8.787447,12.740088,0.35045174,1.5757656,-0.63626397,0.52414197,87,put on bag,1
S023C002P065R001A115.skeleton,-6.217739,16.566566,10.397356,-3.3787255,0.43774438,4.684183,1.2519791,0.8210618,115,take a photo,2
S014C003P015R002A049.skeleton,-6.9762964,40.28143,-5.936929,2.4648886,1.0152136,6.8934946,1.1441194,-0.46671697,49,fan self,3
S026C002P077R002A110.skeleton,21.374088,29.53067,-45.600388,14.166582,-2.089835,6.9770722,-0.21199404,-0.52635914,110,shoot with gun,2
S012C001P016R002A025.skeleton,10.065289,8.372969,23.014418,9.633597,-0.34528595,2.792323,-0.9695768,0.45419404,25,reach into pocket,1
S018C003P045R001A111.skeleton,-25.584837,-30.173336,-26.31107,-23.748545,3.2856483,-0.040835325,-1.831391,0.25977135,111,step on foot,3
S014C002P025R001A058.skeleton,-18.1799,38.322884,23.929388,-20.563778,2.0744817,7.8829026,-1.1472027,0.07878983,58,shaking hands,2
S029C001P090R002A095.skeleton,-22.905567,-26.42149,-0.047629647,63.325554,2.403769,0.08924643,1.1117905,4.303403,95,capitulate,1
S011C001P007R002A048.skeleton,39.94185,-0.21065758,-34.012314,-3.7179708,-2.8860395,1.9315215,-1.9096344,-0.96852386,48,nausea/vomiting,1
S018C002P041R001A095.skeleton,-30.84847,42.898636,-17.88843,5.0869303,3.28617,7.679292,1.1879513,-0.7356204,95,capitulate,2
S031C003P082R001A077.skeleton,-6.942785,-10.75573,-13.517872,40.028034,1.3171506,1.9281229,0.62326884,-0.09731758,77,snap fingers,3
S027C003P044R001A067.skeleton,35.721905,-26.505201,17.493961,4.206293,-1.4495358,0.78064615,-1.4264352,-0.17453007,67,hush,3
S029C002P043R002A099.skeleton,-6.734986,-45.484097,-14.194272,38.622944,2.4158876,-1.6002754,0.9110414,-0.08913889,99,run on the spot,2
S014C001P017R002A018.skeleton,5.964944,19.638226,11.5019045,-4.882563,-0.6654089,5.3531885,0.7233137,0.23014866,18,put on glasses,1
S030C001P043R001A105.skeleton,10.448941,-36.626007,-16.669477,-2.7615595,0.3266143,-1.4194434,0.31782043,-0.23207475,105,blow nose,1
S022C003P062R002A090.skeleton,-5.5707717,51.93728,-10.413392,19.298372,0.3652054,8.990147,-0.11535237,-1.3262594,90,take object out of bag,3
S026C001P051R002A071.skeleton,1.549125,-12.351338,-8.855915,40.09478,0.38724545,1.0790509,1.1216434,0.92185897,71,make OK sign,1
S018C003P045R001A105.skeleton,9.535207,-27.64358,0.030058466,-6.0043435,0.52972305,-0.04752623,1.5772332,1.3016251,105,blow nose,3
S007C002P008R001A059.skeleton,16.698967,-29.540455,-3.5013912,20.372313,-0.36224085,-0.5662078,-3.3180277,-0.55046564,59,walking towards,2
S016C003P019R002A027.skeleton,-27.02366,1.8847127,26.859468,17.014414,3.212237,3.3741033,-1.2341048,-0.23888886,27,jump up,3
S003C001P015R002A011.skeleton,21.785517,35.93646,-46.929935,4.4631763,-2.2636797,6.479911,1.7330737,-0.46788713,11,reading,1
S007C002P015R002A036.skeleton,-10.3729925,-9.920439,-13.095591,-27.543713,1.5668615,1.9915406,-0.42585552,0.18430023,36,shake head,2
S010C002P008R001A005.skeleton,-16.75023,8.481289,11.65471,-21.931997,1.7395375,4.412398,-0.32007003,-0.64838403,5,drop,2
S013C003P028R001A018.skeleton,-9.549309,-13.927402,8.525936,-13.06522,1.636969,1.4971156,1.924819,0.15950602,18,put on glasses,3
S010C003P018R001A048.skeleton,40.32827,0.46371722,-15.2978945,-7.1585793,-2.7702532,1.9205462,-1.9123254,-2.1387942,48,nausea/vomiting,3
S005C002P013R002A033.skeleton,-14.598566,-38.442585,-46.916824,9.740323,2.6224542,-1.7525396,0.92375374,-2.0596132,33,check time (from watch),2
S026C001P074R002A116.skeleton,35.872997,-22.222975,-34.99009,-1.0668656,-1.8577743,0.68824345,-4.521133,-0.36381757,116,follow,1
S007C003P018R001A044.skeleton,8.544154,7.894762,-3.9239933,-21.292341,-0.46954688,2.6389668,0.021606266,-1.0115803,44,headache,3
S018C002P043R002A088.skeleton,3.3122509,-47.24672,-2.028749,-21.895264,1.8729316,-0.9905948,1.4103527,2.6903515,88,take off bag,2
S028C003P042R002A116.skeleton,-8.3418,-31.872599,25.30443,7.1677823,2.356794,-1.0882282,-2.8478932,0.606511,116,follow,3
S023C001P055R002A118.skeleton,19.560167,-39.421772,-3.4230385,46.024742,2.6503432,-2.3799365,1.2981333,-0.7022477,118,exchange things,1
S029C001P008R001A108.skeleton,17.415098,-19.599165,-4.6086717,46.385822,-1.0682722,-0.8444087,-2.367971,-0.39555585,108,knock over,1
S016C003P040R001A040.skeleton,-18.430338,-26.40943,24.96293,-17.034332,1.9060062,0.046632897,2.080799,2.1170573,40,cross hands in front,3
S021C002P057R001A065.skeleton,-29.869137,37.23629,-17.23991,11.944691,2.98794,7.0268855,0.56776273,-1.1888484,65,tennis bat swing,2
S009C002P008R001A010.skeleton,27.185898,40.78869,-20.190239,-22.577272,-2.7677095,6.492608,-0.055758756,-1.9219762,10,clapping,2
S026C002P075R002A081.skeleton,36.45292,27.492613,-17.390577,-28.004833,-3.5098302,7.0824013,0.8425166,-0.20305467,81,toss a coin,2
S019C001P051R002A067.skeleton,12.1712475,-9.163119,39.85778,-15.125173,-0.66286445,1.1266754,0.7393048,0.1164313,67,hush,1
S001C002P002R001A001.skeleton,-18.872675,26.40566,10.227388,-22.764622,1.765084,6.1146755,2.3634298,0.7203574,1,drink water,2
S010C003P007R002A048.skeleton,9.989112,22.735859,17.463055,-30.811792,-1.0464389,5.675953,-1.2653748,-0.5514211,48,nausea/vomiting,3
S016C001P007R001A045.skeleton,1.7330347,21.725006,49.424118,-8.196779,-0.121102765,5.7496166,0.20002574,-0.00010603149,45,chest pain,1
S003C001P019R002A039.skeleton,-21.615822,-37.941612,-43.195362,10.367469,2.9361708,-1.4870399,1.148728,-2.0942917,39,put palms together,1
S001C003P008R001A010.skeleton,34.194263,33.408836,-11.496032,-24.211285,-3.3976333,7.361475,1.0814676,-0.090815455,10,clapping,3
S013C002P008R001A022.skeleton,1.5088652,40.592705,23.08068,-0.40571985,0.04677296,7.083373,2.9394672,0.45832828,22,cheer up,2
S011C002P016R002A047.skeleton,-12.828954,-23.211487,-34.17414,-5.358709,2.1923037,-0.23563294,1.2223572,0.75668824,47,neck pain,2
S027C001P081R001A100.skeleton,9.746252,9.779377,13.066429,15.594873,-0.5223068,2.827415,-2.1825082,0.032281995,100,butt kicks,1
S026C003P008R002A084.skeleton,27.969439,39.03538,-18.337278,-24.797873,-1.851671,5.9818068,-0.43447486,-1.3555714,84,play magic cube,3
S027C001P041R002A081.skeleton,-20.215305,-42.536407,-1.1491827,43.124363,3.15558,-1.8829074,1.5142795,-0.31589162,81,toss a coin,1
S030C003P008R001A084.skeleton,-18.28691,-33.61987,-7.9166203,-9.317071,2.8286111,-1.423869,1.1231729,-2.7829592,84,play magic cube,3
S007C001P027R002A036.skeleton,-28.649397,-32.571835,28.249372,-14.071979,3.4617088,-0.17206499,0.14665985,-0.18018878,36,shake head,1
S021C002P058R001A111.skeleton,-26.812254,45.406227,-0.71979946,11.287205,3.3800614,8.078019,-0.22686917,1.0554082,111,step on foot,2
S032C002P041R001A090.skeleton,23.002365,-19.52896,3.4714932,-15.731516,-1.1757402,-1.4348724,-1.3249407,-0.3682214,90,take object out of bag,2
S005C002P010R002A017.skeleton,34.993633,26.871416,-17.633394,-24.887789,-3.40751,7.079992,-0.9544021,-1.7421243,17,take off a shoe,2
S017C003P008R001A023.skeleton,-14.4617815,-23.428429,41.717396,6.0901265,2.351239,-0.20222276,0.95451176,1.4598753,23,hand waving,3
S003C003P007R001A002.skeleton,23.616623,-36.838955,-38.982773,-15.843434,1.1999507,-0.8187973,1.5639659,0.6292892,2,eat meal,3
S027C001P080R001A107.skeleton,-27.87925,-30.283567,25.072905,-12.186872,3.458186,-0.14440805,-0.856306,-0.14841056,107,wield knife,1
S031C003P097R001A078.skeleton,-7.9130044,-36.181942,-1.9395361,-20.181479,1.6080103,-2.4709454,2.1762526,-1.0910529,78,open bottle,3
S023C002P068R002A065.skeleton,26.9761,-18.969229,-15.932665,40.4286,-1.238142,-0.75199753,-1.85823,0.6206584,65,tennis bat swing,2
S002C002P012R001A005.skeleton,-9.992554,14.674061,-46.778275,7.2007084,0.6768425,4.6719446,1.1379588,-1.0599725,5,drop,2
S012C003P037R002A042.skeleton,15.683831,7.4564714,-13.903639,18.368723,-0.7986686,2.6623008,-2.9181395,-0.19580942,42,staggering,3
S026C003P075R002A078.skeleton,16.504818,29.138525,-38.256226,-19.269365,-1.2913283,6.8896885,0.066924095,0.25194943,78,open bottle,3
S005C001P010R001A005.skeleton,12.11016,-23.580406,14.076667,-16.819918,-0.07541425,-0.5154674,1.2632021,0.5457564,5,drop,1
S002C003P011R002A013.skeleton,17.196037,33.106678,-37.717224,-27.47928,-1.7157212,6.831652,-0.32724273,-2.1791189,13,tear up paper,3
S014C002P037R001A023.skeleton,-28.308086,48.951847,39.617973,-4.912381,3.8762484,8.413204,0.4734019,-0.36808705,23,hand waving,2
S028C002P087R001A110.skeleton,-29.411644,39.444935,5.261924,63.101482,3.0231297,7.2613263,0.8916236,-0.061243773,110,shoot with gun,2
S028C001P041R002A101.skeleton,39.492775,-0.95926934,-25.267735,-6.4708047,-2.9465964,1.9162215,-3.8712745,-0.15818083,101,cross toe touch,1
S005C002P015R002A053.skeleton,-14.376412,-12.033151,-44.59408,12.778642,2.0757463,1.9501544,0.5764885,0.7754468,53,pat on back,2
S016C003P039R002A058.skeleton,-0.023886148,21.092274,30.899422,23.797949,0.11621787,5.4936934,0.5469676,-0.40063083,58,shaking hands,3
S021C001P059R002A081.skeleton,-28.960384,-33.049416,35.171375,-14.6294565,3.4744852,-0.17618515,0.78345484,0.03893365,81,toss a coin,1
S017C001P015R002A028.skeleton,-20.02197,-9.110022,-1.9687012,-6.6488986,2.560138,1.9283203,1.3271468,-1.6199925,28,phone call,1
S012C002P025R002A008.skeleton,37.096542,-1.3530203,42.936783,8.8618555,-3.1360302,1.5809914,-2.966048,1.1670479,8,sit down,2
S006C002P019R001A034.skeleton,0.7747427,39.45533,10.870839,-34.51348,0.019291058,6.9314466,0.5163957,0.29307795,34,rub two hands,2
S001C001P001R002A022.skeleton,-17.284634,-3.0294971,36.39075,8.993096,2.0824535,2.4569857,1.2874552,3.5133533,22,cheer up,1
S029C002P051R001A118.skeleton,-27.17215,44.410477,-7.715457,-8.272829,3.2501822,7.936403,0.6026008,0.68170106,118,exchange things,2
S029C002P090R002A074.skeleton,-11.493298,-39.253624,-16.061481,36.896984,2.4309998,-2.2200441,1.0953915,-3.3639295,74,counting money,2
S031C003P100R002A116.skeleton,-41.29533,0.57948005,-30.664164,-24.803757,4.4124517,3.4964545,-1.1186701,-0.004343861,116,follow,3
S006C003P022R001A060.skeleton,-14.2056675,4.3402042,43.63816,-1.7336783,1.4759535,4.0271606,-1.858754,-0.75893545,60,walking apart,3
S023C002P056R002A117.skeleton,-3.7763846,-1.0001589,-3.9558964,46.20561,1.6918496,3.2448592,-1.9924414,-0.18108289,117,whisper,2
S016C003P039R002A049.skeleton,7.113943,22.254045,48.234787,2.7096815,-0.5718648,5.4830537,1.5790999,-0.14083928,49,fan self,3
S003C003P018R001A060.skeleton,-30.37856,5.152083,-38.425907,6.98457,3.410243,3.1063635,-0.44507974,0.24351428,60,walking apart,3
S027C001P043R001A101.skeleton,39.322018,-10.0372715,12.511342,16.262636,-3.7137685,1.2482641,-3.9114199,0.3212792,101,cross toe touch,1
S005C003P018R002A012.skeleton,-32.060898,1.5353557,2.9828117,-28.534657,3.6497757,3.1699324,0.9617493,-0.6754854,12,writing,3
S001C002P007R002A040.skeleton,6.565575,-17.345942,17.847902,-19.351234,0.44047728,0.5339402,1.7186013,2.791791,40,cross hands in front,2
S027C002P078R002A061.skeleton,-16.583616,-18.480307,25.758059,-1.7989984,2.5010574,0.7165462,2.343943,1.4322039,61,put on headphone,2
S006C001P001R002A013.skeleton,-15.991453,-4.9797277,36.752125,7.2301335,2.1773944,2.2097902,1.8559723,-1.3064773,13,tear up paper,1
S006C003P022R002A014.skeleton,-41.19463,4.27577,48.02025,1.2029066,4.223861,3.313989,-0.26468435,0.3764795,14,put on jacket,3
S026C002P071R002A077.skeleton,9.946091,-30.186293,-23.706232,-12.149049,0.5755988,-0.280375,1.6063926,1.1763235,77,snap fingers,2
S008C002P030R001A018.skeleton,20.289145,39.718235,14.0629425,-34.10928,-2.3969612,6.4219785,0.3819477,0.025875807,18,put on glasses,2
S022C003P065R001A091.skeleton,-19.86744,-22.09705,-10.530221,14.457135,2.5227945,0.45663887,0.9870038,-2.3332582,91,open a box,3
S030C001P088R001A068.skeleton,7.8807707,-34.712196,-14.3072195,4.0959554,0.66988844,-1.1825002,1.3385606,1.5440309,68,flick hair,1
S021C003P059R002A089.skeleton,4.1165533,2.0646834,11.717014,-32.658524,3.848045,2.1085997,0.60428905,-0.8569478,89,put object into bag,3
S029C003P044R001A102.skeleton,16.014109,0.88117784,-10.718985,-0.16495101,-0.8260656,2.1529708,-0.8733805,-1.0843343,102,side kick,3
S008C001P033R001A028.skeleton,-12.147638,-32.797012,10.794223,-34.22183,1.6829677,-1.8307357,1.5838766,-3.3514237,28,phone call,1
S010C003P021R001A004.skeleton,-3.3136718,-24.152493,-41.589214,-16.848717,1.4099509,-0.046970192,1.6025774,1.8200877,4,brush hair,3
S005C001P004R002A042.skeleton,14.521891,6.450373,4.8919234,21.168665,-0.7385759,2.4732563,-3.639759,0.7109505,42,staggering,1
S004C002P003R002A044.skeleton,-1.4710946,-23.697325,12.962297,-22.386127,1.1276704,-0.228298,1.1171232,0.98236644,44,headache,2
S030C001P092R002A104.skeleton,-30.207756,2.3434927,-17.387316,3.0622394,3.4112206,2.972363,-0.7285475,-1.1513517,104,stretch oneself,1
S016C002P025R002A037.skeleton,-14.131109,-25.978344,35.411037,7.5136886,2.2999115,-0.51853985,1.3351672,-0.8283412,37,wipe face,2
S007C003P008R002A042.skeleton,26.302723,4.1642895,2.7385292,-16.802979,-1.7957393,1.9797908,-4.695759,1.5143999,42,staggering,3
S027C002P078R001A061.skeleton,-16.976147,25.552591,-10.600841,38.625816,1.3426197,6.5133786,2.272761,0.40476096,61,put on headphone,2
S008C003P033R001A045.skeleton,36.243263,-2.9408886,18.45009,-6.13547,-3.037671,1.512858,-3.5212696,0.5327559,45,chest pain,3
S004C001P003R001A015.skeleton,42.229313,31.65347,-1.3445864,-9.101168,-4.143358,7.193716,-0.5664705,-2.2144027,15,take off jacket,1
S014C001P037R002A006.skeleton,35.749966,2.5091877,-1.7503273,2.2833638,-2.687851,2.1440744,-5.2429624,0.7063186,6,pick up,1
S030C001P092R001A104.skeleton,1.5820597,-38.493015,-15.577377,2.2883375,1.2946343,-1.6909026,1.624275,3.0608191,104,stretch oneself,1
S029C001P041R001A065.skeleton,2.7424579,-27.575087,-20.656431,14.325862,0.31780502,-1.6171504,-0.7099291,0.31024224,65,tennis bat swing,1
S027C001P085R001A092.skeleton,40.702007,-6.663025,12.508985,18.330479,-3.430909,1.6573592,-4.982116,2.6371958,92,move heavy objects,1
S012C003P019R001A002.skeleton,-11.721885,-35.746094,-0.16900454,-9.002794,2.208154,-1.9216057,0.4996834,-2.5796711,2,eat meal,3
S015C001P007R002A054.skeleton,32.209602,-27.856,25.141401,-18.499578,-1.0209466,0.90006536,-0.44357753,0.8227923,54,point finger,1
S011C001P027R001A004.skeleton,10.579617,-38.60838,-37.123013,1.9244968,0.9142255,-1.678956,1.0847853,1.3947785,4,brush hair,1
S026C003P051R001A087.skeleton,3.319746,-20.955763,3.828364,-27.433886,1.9117343,-0.03227538,1.4734939,-1.6926237,87,put on bag,3
S027C001P008R002A066.skeleton,8.5613165,-11.419716,16.690662,18.951607,0.036094334,1.0394491,1.154939,0.1479339,66,juggle table tennis ball,1
S014C003P025R001A027.skeleton,5.489293,18.32751,30.438114,24.142326,-0.7408926,5.4038286,0.7295077,0.7943318,27,jump up,3
S026C003P051R001A103.skeleton,-1.4926295,-23.575903,16.8994,-28.731224,1.1107577,-0.06231538,1.4668036,1.3710283,103,yawn,3
S022C002P065R002A118.skeleton,-18.798998,39.02341,-4.063812,-9.774846,2.1339834,7.7624006,0.2583819,0.07788706,118,exchange things,2
S031C002P100R001A078.skeleton,-28.90291,47.742058,-17.220839,-3.0440784,3.6426666,8.256471,0.24700129,-0.071309805,78,open bottle,2
S019C002P046R001A084.skeleton,7.0779524,35.50175,24.5252,-9.026554,-0.45811394,6.689824,-1.4485352,0.37875068,84,play magic cube,2
S022C001P066R001A100.skeleton,19.723469,-24.516903,39.615288,-6.76577,-0.78738904,-1.4714595,-2.646033,-0.83061945,100,butt kicks,1
S030C002P075R002A083.skeleton,23.68597,37.890415,-12.075194,-24.216484,-2.354396,6.2475276,1.2926288,-1.1583147,83,ball up paper,2
S026C003P050R001A081.skeleton,22.387325,36.56242,-13.682981,41.05882,-2.3080235,6.3692513,0.9953263,-1.0636953,81,toss a coin,3
S011C003P002R002A058.skeleton,-8.148231,3.6431432,1.664865,16.25092,0.82045805,3.360733,-0.09292672,-0.0051917457,58,shaking hands,3
S029C003P067R002A063.skeleton,-7.9676447,35.93458,51.427353,-7.6504817,1.1098168,7.3823786,-1.8056017,-0.13210599,63,shoot at basket,3
S004C001P008R001A010.skeleton,34.438847,27.971231,-9.800274,-17.361279,-3.3144119,7.1510205,1.5199902,-0.76712716,10,clapping,1
S026C003P071R002A105.skeleton,-4.70695,26.123632,-17.401367,-13.088947,4.493691,8.803608,-0.00037538193,0.40494007,105,blow nose,3
S012C001P019R001A036.skeleton,-0.99285537,-27.656921,13.926102,0.6516536,0.43409002,-1.8085195,0.048634067,0.6061252,36,shake head,1
S007C002P026R001A050.skeleton,3.6811268,56.4151,6.517573,77.18007,14.909826,1.6958498,-0.70631635,-0.49607283,50,punch/slap,2
S023C002P068R002A083.skeleton,-14.066466,-37.69376,22.430473,-22.238605,2.608924,-1.768366,1.4411663,-3.666791,83,ball up paper,2
S032C001P103R002A114.skeleton,40.275024,-9.567557,-34.437477,8.785439,-3.62657,1.3537283,-6.1771345,2.1718345,114,carry object,1
S013C001P037R002A039.skeleton,-25.687925,-35.347862,18.636477,-32.061245,2.9219513,-0.23182493,1.9184422,0.25829706,39,put palms together,1
S030C003P008R002A108.skeleton,15.455016,7.0803514,-32.954758,-8.670223,-0.7832301,2.5245752,-3.0155127,-0.67271775,108,knock over,3
S013C003P007R002A021.skeleton,44.865437,32.920895,5.187121,-13.412419,-4.212389,7.322457,0.10655483,0.1991453,21,take off a hat/cap,3
S027C001P041R001A089.skeleton,18.975445,-0.039637133,12.437309,14.728143,-0.94000494,1.8258176,-0.7666315,-0.36170265,89,put object into bag,1
S018C001P045R002A080.skeleton,34.980953,-4.9034863,2.8318107,43.993233,-3.0626566,1.5368724,-5.424774,1.1074241,80,squat down,1
S015C001P007R001A003.skeleton,29.63205,29.479698,27.997845,1.473377,-2.8142724,7.3436737,1.824964,0.09539312,3,brush teeth,1
S022C003P064R001A119.skeleton,35.3477,-26.245655,-38.666096,10.887736,-1.491978,0.8406281,-2.336607,0.3690706,119,support somebody,3
S023C003P056R001A096.skeleton,-19.605791,-27.151194,29.910275,18.247736,1.9795746,0.2681302,2.182474,-0.109166384,96,cross arms,3
S023C001P068R001A101.skeleton,29.579481,-20.429745,1.9874516,-9.270807,-1.5588628,-0.4084613,-4.244927,1.2553215,101,cross toe touch,1
S015C002P037R002A049.skeleton,4.0819073,-33.01006,25.537413,-17.168524,0.3577691,-1.23781,2.4993417,1.0912652,49,fan self,2
S008C001P025R001A016.skeleton,30.976517,-20.22894,17.395308,-34.33571,-1.7259094,-0.22182536,-3.6938868,1.2268829,16,put on a shoe,1
S026C001P041R001A105.skeleton,11.461149,-24.38488,-16.566774,42.0427,-0.059457395,-0.3387316,1.6840926,1.107908,105,blow nose,1
S016C002P008R002A038.skeleton,-7.6138167,-22.35819,38.545883,-8.348041,1.3981929,-0.0837217,1.388654,1.7254995,38,salute,2
S026C003P074R001A084.skeleton,-10.32712,-38.053623,-9.275448,-9.528194,2.1069872,-2.3847342,1.2170079,-3.2494469,84,play magic cube,3
S017C001P008R002A017.skeleton,37.939144,38.066475,22.606718,10.712268,-3.886649,7.720178,1.094,-0.11829089,17,take off a shoe,1
S012C003P028R001A029.skeleton,-20.33621,-18.693148,27.663698,-8.6187105,2.5910838,0.82658476,1.4589671,-1.8677968,29,play with phone/tablet,3
S009C002P015R002A008.skeleton,37.289913,-0.7002204,-30.674555,-23.807209,-2.89707,1.7615043,-4.0311728,0.058233026,8,sit down,2
S015C003P019R001A016.skeleton,22.55191,-24.158098,-14.7604685,12.225325,-0.45450908,-1.7813495,-1.4753867,-0.3774918,16,put on a shoe,3
S007C002P018R001A040.skeleton,-27.005123,33.00862,27.076574,-11.260251,2.5807061,6.6128297,1.8257226,0.19893841,40,cross hands in front,2
S015C003P007R001A048.skeleton,38.114086,25.308224,21.093658,0.35334477,-3.6982794,6.7554693,-1.5619942,-2.6094787,48,nausea/vomiting,3
S002C003P007R002A033.skeleton,-34.90549,-6.770915,-43.060966,-18.363102,3.0976117,2.4321334,1.3016871,-2.2040741,33,check time (from watch),3
S008C001P032R001A039.skeleton,-12.189393,7.931534,42.922607,-11.931529,0.52794635,3.7719717,1.9711236,-0.5937725,39,put palms together,1
S015C002P008R002A044.skeleton,1.0787989,-15.490303,24.385967,-3.3760483,0.6394293,0.82641244,0.49899292,0.75203645,44,headache,2
S021C002P058R001A106.skeleton,-27.722832,42.74921,-0.7189899,62.181572,3.2565541,7.776063,0.08149213,0.9946953,106,hit with object,2
S002C003P014R001A002.skeleton,33.05755,32.52533,-34.81617,-20.297476,-3.3398793,7.555717,1.0220497,0.26941746,2,eat meal,3
S032C002P043R001A104.skeleton,1.2872723,-38.43658,-3.7989514,-23.089214,1.314823,-1.6720568,2.0651762,1.6723392,104,stretch oneself,2
S023C002P062R002A116.skeleton,24.05478,2.6771154,-45.41181,6.4352293,-1.7015615,1.568348,-2.882165,-2.0772896,116,follow,2
S003C002P015R002A050.skeleton,5.5274506,-9.561981,-47.422337,6.6765294,0.0037922068,0.9311542,-1.1997174,0.13367936,50,punch/slap,2
S007C002P015R001A035.skeleton,-2.1115332,10.930947,-15.888555,-25.101974,1.3417833,4.7143393,-4.3018284,-0.21022385,35,nod head/bow,2
S009C001P008R001A027.skeleton,20.034843,-32.0271,-25.871103,-30.933,-0.5244131,-0.22940199,-2.7851307,-0.047142506,27,jump up,1
S026C002P008R001A093.skeleton,12.693898,27.144745,-28.017635,-3.151247,-0.8929595,6.657921,0.8432574,0.9598609,93,shake fist,2
S017C003P020R002A002.skeleton,-32.26232,2.6723168,32.662888,8.010606,3.4399648,2.823899,0.7261286,0.75320333,2,eat meal,3
S025C001P058R002A068.skeleton,-11.884223,-15.585287,42.125214,0.744306,1.7380363,1.4889777,2.4410355,1.9300519,68,flick hair,1
S032C003P105R001A112.skeleton,-33.69586,5.127907,-22.129894,-28.925303,3.589503,3.172458,-0.46078843,0.94280446,112,high-five,3
S032C002P044R001A075.skeleton,-29.20972,41.797497,9.846173,-19.908798,3.2139606,7.5806136,0.8188986,-0.31067556,75,cutting nails,2
S001C002P007R002A015.skeleton,32.38592,32.016056,27.220198,-10.486124,-3.2058935,7.573224,1.2567899,0.7200301,15,take off jacket,2
S028C001P046R002A109.skeleton,14.806978,-8.098576,-0.79538924,47.171036,-0.8639923,0.9593007,-1.0713668,0.5549371,109,grab stuff,1
S019C003P049R001A072.skeleton,10.245164,-27.052454,-0.38015452,43.931904,0.4201989,-0.107802846,1.4572827,1.6899341,72,make victory sign,3
S009C003P007R002A053.skeleton,-24.908869,18.532309,-28.37862,-10.963653,2.3257227,5.16245,0.048117593,0.37229007,53,pat on back,3
S011C003P019R001A056.skeleton,-12.334584,51.59071,-27.839993,-30.930822,1.162968,8.472059,1.7373292,0.061608844,56,giving object,3
S022C002P065R001A095.skeleton,-27.339228,43.817387,30.441366,-13.5695505,3.135687,7.876504,1.3424033,0.9900343,95,capitulate,2
S024C003P062R002A071.skeleton,5.7945824,43.156048,-1.1884176,42.919662,-0.4345003,7.328959,0.2747093,-1.5049245,71,make OK sign,3
S030C003P093R001A108.skeleton,29.693974,-15.8169565,-14.421256,39.717773,-1.5793225,-0.42029133,-3.0459254,0.5852593,108,knock over,3
S002C003P010R001A041.skeleton,40.87786,32.562298,-43.104176,-24.121298,-3.8859076,7.270239,0.28808865,-2.3503993,41,sneeze/cough,3
S024C003P057R001A105.skeleton,8.7543745,-42.880783,-0.85535115,20.69694,0.8795217,-0.89393324,1.5610434,0.5897357,105,blow nose,3
S007C002P019R001A035.skeleton,-4.1858273,27.734478,20.708714,-9.690456,4.541623,8.858872,-2.1800265,0.22682136,35,nod head/bow,2
S017C003P003R001A053.skeleton,-11.9593935,-27.523392,37.534832,11.132946,2.2471156,-0.7985967,-0.42882884,0.19267666,53,pat on back,3
S023C002P066R002A109.skeleton,-23.460257,-30.426464,-1.3723965,45.451927,2.9208853,0.10643746,-1.3310658,-0.7560447,109,grab stuff,2
S007C003P008R002A048.skeleton,-38.734356,-0.8055168,9.98484,-22.284277,4.3582797,3.2264063,-0.24594331,-1.888186,48,nausea/vomiting,3
S025C003P059R001A091.skeleton,-16.265268,-37.750885,38.12115,11.710555,2.7177045,-1.5627189,1.2753339,-3.7716959,91,open a box,3
S012C003P028R002A027.skeleton,-22.708536,3.197724,18.065666,0.42907193,2.8096545,3.2402594,-0.5492828,-0.26870966,27,jump up,3
S012C003P018R002A002.skeleton,-29.44473,6.177874,30.795248,14.235901,3.3806145,2.924243,-0.3407863,-1.1323278,2,eat meal,3
S001C002P007R001A037.skeleton,-3.7855928,-30.89296,19.144873,-19.817654,0.6395113,-2.363502,1.3501159,-0.7395585,37,wipe face,2
S006C001P007R002A059.skeleton,-14.775506,37.61703,-44.03765,15.155471,2.1034887,7.7241473,-2.3777957,0.6738124,59,walking towards,1
S012C002P037R002A060.skeleton,-12.211755,23.382935,-21.759287,-30.756643,1.3825718,5.5576987,-1.2252709,-0.1556851,60,walking apart,2
S027C003P044R001A105.skeleton,4.634108,-34.194702,23.843178,-1.729318,0.98503083,-0.9881809,0.5997422,1.5220356,105,blow nose,3
S027C001P081R002A065.skeleton,-42.839592,2.7493942,12.972211,18.381563,4.150909,3.57099,-0.5999633,-0.4567364,65,tennis bat swing,1
S002C001P003R001A055.skeleton,21.488993,5.266643,-28.294493,-21.165316,-1.6059227,2.166328,-2.9443092,-0.38625658,55,hugging,1
S015C001P017R002A002.skeleton,18.004436,30.985521,20.210938,15.779087,-1.8087848,6.744721,0.6228076,0.6978303,2,eat meal,1
S031C003P006R001A119.skeleton,17.31928,2.9619918,-28.521692,-13.212904,-0.9650244,2.1402848,-1.7092552,-0.75269467,119,support somebody,3
S024C003P061R002A096.skeleton,-6.6999927,42.243397,-0.073322326,11.064076,0.9899861,7.2278433,0.28194088,-0.5534619,96,cross arms,3
S011C001P002R001A045.skeleton,-9.144493,7.726573,-24.468784,-6.9829044,0.68628144,3.7663922,0.15268314,-0.89128554,45,chest pain,1
S021C001P055R002A076.skeleton,-13.457663,-47.33098,17.246378,-29.50313,2.7330794,-2.4632022,1.8161843,-2.1676197,76,cutting paper,1
S006C003P016R002A026.skeleton,-40.95809,2.016357,23.599413,8.313554,4.2654095,3.5316563,-1.265872,0.3746598,26,hopping,3
S031C002P042R001A116.skeleton,-25.122152,46.925083,-16.086609,-14.377266,3.3046632,7.8355985,-0.8059298,-0.30598783,116,follow,2
S026C002P074R002A116.skeleton,34.20236,-21.790827,-43.163425,9.896839,-1.8441657,0.29111934,-4.393081,-1.0788326,116,follow,2
S001C001P002R002A013.skeleton,7.65062,35.420288,29.976255,24.609291,-0.41397458,6.6979284,-0.41013718,-0.019018412,13,tear up paper,1
S019C001P008R002A108.skeleton,0.090707906,-38.387714,-11.511292,40.749306,1.025,-1.8135359,0.83373284,-1.1808677,108,knock over,1
S002C002P014R001A002.skeleton,32.721317,30.882853,-43.37875,6.335385,-3.1368074,7.555672,1.3417635,-0.045805573,2,eat meal,2
S016C001P019R001A013.skeleton,0.83835363,-39.43797,35.02795,5.892882,1.3512187,-1.6480577,2.4576693,1.1147946,13,tear up paper,1
S028C003P008R001A073.skeleton,-16.32723,-10.496548,-16.882,-9.619241,2.0906851,1.8420737,0.027216792,-1.2257094,73,staple book,3
S030C002P044R001A064.skeleton,-22.144625,23.056019,-14.436154,-13.450571,2.1587336,5.6842036,1.1538548,0.26844132,64,bounce ball,2
S009C001P015R002A040.skeleton,-11.323185,-6.1141915,-37.28376,-10.256362,1.6067462,2.204715,1.9218148,1.4054753,40,cross hands in front,1
S027C003P086R002A090.skeleton,-15.892001,49.662365,16.150806,3.491264,1.529733,8.23944,0.6342105,0.30258596,90,take object out of bag,3
S026C002P077R002A105.skeleton,-3.6538615,-21.356674,-39.598175,-12.548064,1.1418027,0.18319044,1.5421289,1.1107502,105,blow nose,2
S016C001P025R001A011.skeleton,3.6811268,56.4151,6.517573,77.18007,14.909805,1.6958408,-0.70631635,-0.49607283,11,reading,1
S003C003P015R001A035.skeleton,-7.049639,-3.3694048,-42.208015,-26.060455,1.4502606,2.6996272,-2.294818,-0.20718086,35,nod head/bow,3
S018C001P044R001A112.skeleton,-28.368282,47.405117,11.080769,-22.651892,3.618323,8.251211,0.30131406,0.51859826,112,high-five,1
S024C002P061R001A117.skeleton,-16.663935,22.18977,6.961464,60.477016,1.6416099,5.3539667,-0.3531342,0.8869898,117,whisper,2
S014C002P017R002A035.skeleton,31.96209,1.5360113,40.055637,3.1010818,-2.8454196,2.5369225,-3.8175068,0.24374905,35,nod head/bow,2
S008C003P036R002A058.skeleton,-5.2701354,27.46543,18.17744,-4.5670877,4.43654,8.838935,-0.20381093,-0.177988,58,shaking hands,3
S028C002P041R002A115.skeleton,9.575775,-13.393394,4.7859745,37.869835,-0.11747624,0.7747899,1.3900136,0.8473373,115,take a photo,2
S006C003P007R001A028.skeleton,-11.86554,-45.122482,38.229336,-5.916638,2.676013,-2.4253812,1.5185554,-2.4921105,28,phone call,3
S022C001P061R002A081.skeleton,24.717623,36.063725,35.01305,0.08154825,-2.1138844,6.2346992,1.4562569,-0.99582124,81,toss a coin,1
S008C001P007R001A002.skeleton,26.212646,33.13108,51.031628,-1.751508,-2.7549963,6.7922506,0.5110546,-1.6961718,2,eat meal,1
S032C001P041R002A118.skeleton,18.1461,-0.07438827,21.918003,-25.431973,-0.9063022,1.8977691,-0.6578311,-0.9511037,118,exchange things,1
S030C002P081R001A088.skeleton,-24.049408,35.998966,-20.926626,5.3184924,2.1259272,6.8791766,0.9740168,-0.43359572,88,take off bag,2
S023C003P061R002A117.skeleton,15.002159,-28.295052,-8.998459,23.611887,-0.084732704,-1.290655,-1.128943,0.10796744,117,whisper,3
S007C002P007R002A055.skeleton,-28.320713,42.67194,-17.416029,11.823943,3.2964523,7.792674,-0.6813487,0.48341662,55,hugging,2
S026C002P049R002A073.skeleton,34.313507,28.66556,-29.155912,-2.315407,-3.2104154,7.2549915,0.68040574,-0.810965,73,staple book,2
S023C003P063R002A092.skeleton,19.945972,9.736003,20.417156,17.701883,-1.8715307,3.030047,-4.6608024,1.1578223,92,move heavy objects,3
S009C003P016R001A047.skeleton,-15.205325,-18.592093,-42.303345,-15.293988,2.3785524,0.7546856,1.2701305,1.3880594,47,neck pain,3
S017C003P008R001A036.skeleton,-11.140629,-20.901941,47.619843,4.0480676,1.8549352,0.53447545,0.7707,0.40430832,36,shake head,3
S007C001P025R001A002.skeleton,26.6322,36.436806,30.706673,-10.367162,-1.8157642,6.0349164,0.06636992,-0.6579621,2,eat meal,1
S023C001P063R002A119.skeleton,15.424743,2.8562467,-40.697617,8.101072,-0.8593565,2.2498062,-2.760929,-1.3103998,119,support somebody,1
S030C002P093R002A091.skeleton,-12.62752,-30.036903,-11.898294,-9.590746,2.1250665,-2.2781956,1.7360798,-3.0139194,91,open a box,2
S006C003P024R002A015.skeleton,27.391571,39.22426,43.315865,-16.462673,-1.6065471,5.967147,0.6857474,-0.9101844,15,take off jacket,3
S031C001P085R002A081.skeleton,21.680525,-8.768691,2.344464,69.46249,-2.0168772,-1.6718204,-0.110144466,1.1044089,81,toss a coin,1
S022C003P067R001A064.skeleton,38.050064,26.132038,12.512378,15.145461,-3.662352,6.9587083,0.10224016,-2.05985,64,bounce ball,3
S031C002P008R002A117.skeleton,-11.66634,37.2528,-20.201124,39.902664,1.3704911,7.459016,-2.731704,-0.08002435,117,whisper,2
S027C003P081R001A084.skeleton,-18.85094,-19.953922,19.629074,3.5178592,2.6257744,0.6889995,1.4529389,-3.1199057,84,play magic cube,3
S007C003P027R002A025.skeleton,-40.891384,-1.8766453,-18.326464,-5.7328386,4.474279,3.2720475,-1.727661,-0.40302494,25,reach into pocket,3
S009C001P016R001A054.skeleton,-11.593448,18.777359,-30.231453,-19.844942,1.0359583,5.1576633,1.2972132,0.4366782,54,point finger,1
S009C002P016R002A058.skeleton,-0.97296476,-9.97783,-37.86528,-22.974314,0.59764117,1.445892,0.5366419,0.28928748,58,shaking hands,2
S023C003P058R002A080.skeleton,19.865973,9.846721,15.460662,16.945042,-1.9055941,3.0437434,-6.539567,1.161197,80,squat down,3
S023C001P064R002A105.skeleton,-4.8835397,-18.157455,9.450751,8.2080965,1.3354053,0.73970306,2.0164561,0.9521798,105,blow nose,1
S011C001P017R002A035.skeleton,34.38692,5.490549,-18.598972,-20.421755,1.5071774,2.3508666,-2.6537604,0.18805644,35,nod head/bow,1
S032C003P103R001A095.skeleton,2.5098853,-48.733204,3.0084584,1.390474,1.8006209,-0.9765685,2.176233,3.245276,95,capitulate,3
S001C002P002R001A027.skeleton,-3.1482885,8.541125,8.33954,-16.78918,1.2391591,4.1722617,-3.0047739,-0.28459695,27,jump up,2
S003C001P018R002A039.skeleton,-5.230574,-9.190383,-45.307007,7.027104,0.8424158,1.5862578,0.9321369,0.0343245,39,put palms together,1
S013C001P008R002A058.skeleton,-27.058567,-13.504417,16.789976,-33.029526,2.8882508,1.6901078,0.15406644,0.36018544,58,shaking hands,1
S001C001P001R002A008.skeleton,-22.076725,-1.555054,29.011606,9.122948,2.9556146,2.98485,-2.9140882,0.42447203,8,sit down,1
S031C003P099R001A116.skeleton,31.082443,-24.487091,-28.8473,-32.683342,-1.5249668,0.31297392,-1.3143069,-0.6949899,116,follow,3
S008C001P032R002A057.skeleton,-9.173383,-16.868708,-10.1497555,22.366001,0.6409283,3.5530922,0.18225831,-0.95410794,57,touch pocket,1
S003C002P019R001A043.skeleton,-21.78981,19.446276,-33.44365,-30.048346,1.8398461,5.3340387,-3.7484598,0.6085885,43,falling down,2
S029C003P075R002A077.skeleton,-5.6260657,39.329414,-16.286806,12.033898,0.70454115,6.836639,0.24547613,-0.81515664,77,snap fingers,3
S026C002P050R001A115.skeleton,-12.71543,35.36294,-44.37035,12.2413,1.4427991,7.348417,0.13307747,1.0910734,115,take a photo,2
S032C002P106R001A064.skeleton,-0.41415274,-32.61898,0.66780627,-11.262671,0.07664411,-2.1536818,0.2483879,-0.2014282,64,bounce ball,2
S016C002P007R002A022.skeleton,2.1827712,-31.414833,46.628067,-5.45402,1.7340901,-0.59628415,1.4649283,2.7762794,22,cheer up,2
S002C002P003R001A037.skeleton,-3.7428265,-30.167374,-38.31949,-18.621056,0.64640856,-2.3411057,1.6615636,-0.5942576,37,wipe face,2
S022C001P062R001A099.skeleton,6.865009,-22.667786,43.05743,-18.642284,0.187969,-1.2512873,1.10953,-1.6867371,99,run on the spot,1
S010C003P019R001A047.skeleton,9.673677,-27.174948,-37.7303,-15.715955,0.4610312,-0.016806269,1.3900409,1.3366712,47,neck pain,3
S012C001P028R002A040.skeleton,-5.836648,-8.711575,36.543205,4.0252094,1.1274859,1.923396,1.745595,0.8670822,40,cross hands in front,1
S031C003P044R002A079.skeleton,-43.689888,2.1673777,-11.569936,-18.23349,4.2115297,3.6152616,1.1904268,-0.5725097,79,sniff/smell,3
S025C002P055R001A108.skeleton,-23.125692,46.941902,2.541018,60.393444,3.1325479,7.7135477,-1.8565106,0.794656,108,knock over,2
S023C001P060R002A077.skeleton,-33.393723,-34.305733,0.688681,9.973307,0.8653042,-0.13652292,1.5616224,0.21369173,77,snap fingers,1
S011C002P027R002A004.skeleton,1.3467121,-46.502857,-41.013973,-12.866984,1.7151436,-1.0093825,1.7671553,1.5193197,4,brush hair,2
S027C001P078R001A078.skeleton,-3.661423,-36.733627,15.011496,19.002846,1.1683375,-2.329126,1.495175,-2.3766499,78,open bottle,1
S004C001P003R001A058.skeleton,17.365692,-23.296894,1.3620665,15.09425,-0.81049883,-1.0135905,-0.3502294,0.90777177,58,shaking hands,1
S025C001P058R001A102.skeleton,18.610928,2.5554907,38.15934,1.6855083,-1.0233805,2.1185014,-2.587624,0.19851771,102,side kick,1
S026C001P050R002A104.skeleton,23.471218,37.50876,-16.506365,-29.167707,-2.242674,6.21801,0.6506623,-0.37418213,104,stretch oneself,1
S012C003P028R001A017.skeleton,29.559479,-12.155741,27.974571,-5.828021,1.3664304,2.9419732,-5.078678,1.1193898,17,take off a shoe,3
S008C003P001R001A035.skeleton,-2.9681084,20.004522,51.455795,-4.8303394,0.45968425,5.4122047,-2.7267876,1.6775786,35,nod head/bow,3
S003C001P008R001A022.skeleton,-5.190563,-25.868038,-26.294237,-5.3879285,1.9349926,-0.31476086,2.0763938,3.1727662,22,cheer up,1
S007C003P007R002A043.skeleton,26.92571,4.1004386,-24.612995,-29.588753,-1.8862224,2.0881448,-5.7754974,1.0356221,43,falling down,3
S029C001P080R002A077.skeleton,-27.092194,-9.477334,-19.316528,11.148315,2.9282146,2.3421192,1.7887034,0.77326524,77,snap fingers,1
S027C002P082R002A120.skeleton,-5.7750254,28.184956,-38.986942,10.346568,4.4474516,8.793906,0.49747512,-0.8079941,120,rock-paper-scissors,2
S022C002P067R001A061.skeleton,4.2241707,37.6278,-8.424432,28.572037,-0.42167482,6.507822,1.0605634,-0.08849577,61,put on headphone,2
S030C002P075R001A086.skeleton,-9.716556,16.310236,-16.90724,-6.8785377,0.7060313,4.867278,1.6183523,-0.16034561,86,apply cream on hand,2
S012C001P007R001A045.skeleton,-3.9366868,-38.876568,38.529667,11.154284,1.409014,-2.2165582,0.72948813,-2.1246612,45,chest pain,1
S004C003P007R002A060.skeleton,4.39919,28.316393,3.2445607,20.181181,-1.4957434,3.0423717,-2.9341412,-0.018525159,60,walking apart,3
S031C001P097R002A108.skeleton,33.51668,-25.511755,-17.031895,41.695393,-1.6661204,0.70148516,-3.463266,1.5723904,108,knock over,1
S029C001P048R001A100.skeleton,17.386593,-33.342197,-20.171171,12.506503,-0.13249211,-0.45474908,-0.9283046,1.1808499,100,butt kicks,1
S023C002P061R002A103.skeleton,-12.805436,-23.435114,-0.73350877,64.11238,2.212127,-0.24494536,1.1535478,1.697326,103,yawn,2
S029C003P089R001A110.skeleton,-16.29906,-1.2724556,-6.4287944,20.582605,2.0610635,2.5893178,0.9964415,1.6799887,110,shoot with gun,3
S008C001P008R001A058.skeleton,16.752417,-31.227905,30.784018,-3.5523944,-0.15868863,-0.3916638,0.3952214,-0.07886359,58,shaking hands,1
S009C002P007R001A060.skeleton,-12.321307,29.239773,-41.903244,-17.604815,0.90993214,7.298101,-1.6460135,0.26380223,60,walking apart,2
S015C003P007R001A009.skeleton,37.601063,22.709953,23.899506,0.47234863,-3.656545,6.5239496,-4.639067,-6.4509077,9,stand up,3
S020C002P053R001A067.skeleton,-25.702137,39.42039,12.777986,-21.195446,2.6899974,7.4820075,2.1497371,0.81525993,67,hush,2
S030C002P041R001A108.skeleton,22.927055,-12.908018,2.3447778,67.153,-1.5501437,-1.6103572,-1.7666538,1.0324608,108,knock over,2
S010C003P007R001A006.skeleton,38.26431,-4.5685644,9.232112,2.3224394,-3.2738814,1.6319427,-5.7580023,2.6414607,6,pick up,3
S016C001P007R002A055.skeleton,34.569393,-19.24352,38.919968,9.574921,-1.8865681,0.5214657,-3.9703798,1.9688978,55,hugging,1
S005C002P015R001A005.skeleton,-26.84786,36.356182,-38.5825,-26.02886,2.6402302,6.934924,0.42120743,-0.6858287,5,drop,2
S026C003P049R002A092.skeleton,-37.36824,-4.7730646,-28.00438,-13.549566,4.1009903,2.739586,-0.6054499,-0.80062693,92,move heavy objects,3
S013C001P019R001A043.skeleton,31.216908,-19.627626,-16.153309,-31.76894,-1.7479601,-0.23604392,-4.0372806,2.375047,43,falling down,1
S014C003P015R002A009.skeleton,12.36068,29.32037,-1.4965833,-13.877394,-0.7954211,6.5461392,-0.69537616,-1.9682555,9,stand up,3
S004C003P008R002A035.skeleton,6.079534,21.267746,-33.704422,-30.472662,-0.492097,5.3468676,0.58992153,0.4850167,35,nod head/bow,3
S030C001P081R001A086.skeleton,-7.680318,13.946314,-6.4330153,3.660541,0.43806928,4.556714,1.7933369,-2.618637,86,apply cream on hand,1
S010C001P017R002A032.skeleton,-11.717315,11.378796,-38.613888,4.497886,0.18384445,4.4365697,2.5004458,2.4233205,32,taking a selfie,1
S011C002P019R002A056.skeleton,-25.92462,40.524986,-42.040592,14.324489,2.7300105,7.572863,-0.0053261537,0.8210601,56,giving object,2
S026C002P071R001A066.skeleton,-8.02903,30.001764,-40.724625,-11.100554,4.122809,8.562114,1.7498459,-0.5143731,66,juggle table tennis ball,2
S017C002P003R002A041.skeleton,-23.777954,-35.27681,40.74895,5.568876,3.096664,-0.23998879,1.8190697,0.14003581,41,sneeze/cough,2
S018C001P041R002A084.skeleton,-15.625743,-47.352932,23.803942,-21.797123,2.7918682,-2.330445,1.4593998,-2.065593,84,play magic cube,1
S020C001P053R002A101.skeleton,39.251926,-2.112937,20.850676,0.0034517033,-2.994057,1.9033071,-4.5789385,1.2946054,101,cross toe touch,1
S014C001P037R002A029.skeleton,-18.793982,-46.518124,-4.279991,-0.38242897,2.9159453,-2.1701431,1.1899534,-3.48579,29,play with phone/tablet,1
S009C003P015R002A056.skeleton,-11.270789,48.23775,-41.968777,-20.077658,1.0989273,8.308422,1.3972093,0.5184908,56,giving object,3
S027C003P011R001A081.skeleton,17.168453,-14.978304,16.458872,2.7811775,-0.6036355,0.17575881,-0.054425035,-1.8045477,81,toss a coin,3
S013C002P017R001A031.skeleton,-23.870697,38.93157,11.120209,-13.707852,2.4712636,7.375288,0.8234456,0.38445458,31,point to something,2
S002C001P007R002A039.skeleton,-19.513838,-41.967175,-41.821606,-11.047453,3.1304615,-1.9093461,1.9755893,-1.6929097,39,put palms together,1
S014C003P015R002A003.skeleton,-7.278585,39.249912,-6.321526,4.2158837,1.0547562,6.7797894,0.21316828,-0.26228932,3,brush teeth,3
S028C003P043R001A094.skeleton,10.49068,-34.127804,-11.341794,-7.7241035,0.612663,-1.2006553,1.0769134,0.81744784,94,throw up cap/hat,3
S012C001P007R002A009.skeleton,37.858047,22.377522,48.139126,-1.1555617,-3.6127825,6.519133,-4.1361604,-6.308602,9,stand up,1
S017C001P015R001A049.skeleton,-7.631959,10.02489,8.3611765,1.627034,0.4885222,4.091946,1.4029566,0.24512649,49,fan self,1
S029C003P049R002A116.skeleton,-3.6585798,49.11565,-39.750385,-19.669855,0.379001,8.649392,-1.5744967,-0.76145804,116,follow,3
S030C003P093R002A061.skeleton,-30.976786,1.4995893,-15.387797,-6.698358,3.4790986,3.159372,1.1209294,-0.708689,61,put on headphone,3
S001C001P005R001A043.skeleton,36.58009,-20.31301,12.159216,-3.1720166,-1.9767764,0.6807884,-3.8963137,0.9835855,43,falling down,1
S002C003P003R001A046.skeleton,-27.71242,-32.436375,-35.42681,-14.543065,3.503483,-0.07149875,-0.33278215,0.04187137,46,back pain,3
S011C003P017R001A039.skeleton,-19.83719,-17.821035,-22.498974,-29.631294,2.547352,0.8806729,2.1457067,-1.1595854,39,put palms together,3
S018C003P043R002A063.skeleton,-40.05408,0.34908414,-38.593063,5.4833636,4.404698,3.475086,1.0624342,1.712583,63,shoot at basket,3
S011C001P016R001A004.skeleton,-10.390858,-0.09852473,-24.291727,-9.52637,1.2550625,2.9384427,1.3482319,1.6987346,4,brush hair,1
S004C003P008R002A031.skeleton,6.305121,21.358688,-33.86526,-30.268694,-0.5669066,5.368284,0.49823752,-0.34288946,31,point to something,3
S030C001P067R002A105.skeleton,-23.440512,-39.453568,-5.0657196,47.246464,2.925938,-1.0689794,0.5137192,0.2441265,105,blow nose,1
S019C002P050R002A100.skeleton,23.042784,-22.133041,13.11282,-32.320404,-0.69663316,-1.748798,-1.8005038,0.0624763,100,butt kicks,2
S013C003P007R001A032.skeleton,44.223835,31.188944,17.637028,5.6848044,-4.190955,7.1591225,1.7081813,0.5736535,32,taking a selfie,3
S026C003P075R002A120.skeleton,-39.758144,2.647908,-44.95919,4.935542,4.2766914,3.4982715,-0.44976687,-0.7597659,120,rock-paper-scissors,3
S020C001P043R001A102.skeleton,16.611845,0.8883516,17.800827,6.3257346,-0.90090007,2.1177611,-2.187726,-0.753421,102,side kick,1
S008C003P034R002A030.skeleton,9.791653,25.480621,51.638412,-4.261225,-1.0628337,5.9040422,-0.2172308,-0.63691735,30,type on a keyboard,3
S002C001P013R001A020.skeleton,7.6613197,-36.340607,-40.459778,-10.186175,0.7842548,-1.3995217,1.9003665,1.4315193,20,put on a hat/cap,1
S023C002P064R001A109.skeleton,-30.239923,-32.68245,21.03405,-29.055407,3.5203586,-0.12512873,0.3352418,0.13862139,109,grab stuff,2
S002C001P003R001A004.skeleton,0.21130525,-45.174213,-40.695717,-9.338133,1.9098811,-0.90394986,1.7905914,3.0439913,4,brush hair,1
S028C003P042R001A063.skeleton,0.6165175,-49.6192,2.2151833,-20.754807,1.8115897,-0.8627167,2.3512015,2.2967374,63,shoot at basket,3
S020C001P052R002A100.skeleton,16.504383,-3.2444196,28.912743,-0.38906896,-0.73891896,1.6624157,-0.5219539,-0.5028744,100,butt kicks,1
S032C001P044R001A072.skeleton,21.434658,-11.258165,5.0455084,72.88875,-1.863597,-1.745096,1.3594453,1.5618227,72,make victory sign,1
S009C001P007R001A002.skeleton,18.782469,-36.271557,-15.2086315,3.304973,0.27847257,-0.63153464,1.4869106,-0.5493114,2,eat meal,1
S011C003P038R001A016.skeleton,23.478825,38.702774,23.932968,12.963486,-2.2915957,6.1219673,-0.13230288,-1.7276435,16,put on a shoe,3
S019C001P049R001A099.skeleton,29.642374,-32.069603,14.811208,-33.55837,-1.0403475,0.49685717,0.5012761,-0.7727238,99,run on the spot,1
S003C003P017R002A007.skeleton,-11.80388,46.891956,-47.048893,7.315798,1.07153,8.020056,0.38380742,0.38240665,7,throw,3
S004C003P008R002A055.skeleton,-40.745216,5.598943,-12.434201,4.0996222,4.271227,3.671166,-1.1512519,0.1527374,55,hugging,3
S029C002P067R001A080.skeleton,-22.539581,47.962975,-11.6139965,39.489895,3.0120647,7.7553735,-3.5891826,2.8628693,80,squat down,2
S029C002P074R001A068.skeleton,-10.9716215,20.12283,-14.918541,37.407963,1.1482027,5.217916,1.5480891,-0.04019189,68,flick hair,2
S030C003P011R001A113.skeleton,20.975187,-17.272802,-0.1579266,-1.3526855,-1.1770693,-0.8945842,-0.13446762,0.12322508,113,cheers and drink,3
S002C001P011R002A060.skeleton,-29.044748,7.0187573,-38.086735,6.317584,3.3064394,2.9720025,-0.655457,-0.33078516,60,walking apart,1
S009C003P019R001A058.skeleton,18.11672,-31.908098,-30.780836,-10.555731,-0.34472078,-0.4142951,-0.85609704,0.08840738,58,shaking hands,3
S023C002P059R001A098.skeleton,-10.749065,18.235783,-11.759851,3.0081975,0.9598216,5.0944533,0.70847714,-0.010361137,98,arm swings,2
S029C003P067R001A106.skeleton,6.3940163,32.162502,51.05186,-8.148241,-0.5121217,6.732771,-0.14004743,0.6921975,106,hit with object,3
S032C002P104R001A094.skeleton,27.096918,20.132181,1.7210065,71.23298,-2.6241853,7.6719456,-1.8836899,0.19944388,94,throw up cap/hat,2
S028C002P046R002A119.skeleton,33.280643,-19.732235,-4.208994,-23.105957,-1.84257,0.09189657,-3.1808815,1.0491178,119,support somebody,2
S020C003P053R001A095.skeleton,-2.1893222,-47.974052,15.978791,20.498156,2.1591742,-0.55214024,2.5089724,3.2606761,95,capitulate,3
S032C001P043R001A100.skeleton,17.44855,-33.53694,6.1772447,-15.39632,-0.25106302,-0.27079543,-0.7182413,0.95304763,100,butt kicks,1
S010C001P021R002A002.skeleton,-17.536741,-45.660164,-38.791206,-10.128916,2.8295693,-2.2048979,1.0607885,-2.1549392,2,eat meal,1
S011C003P038R002A015.skeleton,4.797925,41.970356,-3.0244424,-11.200833,-0.32633063,7.2226663,2.0587811,-0.5013193,15,take off jacket,3
S006C003P019R001A011.skeleton,41.891663,33.07286,33.998302,-10.990328,-4.0688205,7.2346587,1.7709527,-0.13317966,11,reading,3
S008C001P015R001A052.skeleton,-7.9637246,43.897522,22.283264,-33.441227,0.8922966,7.636641,-0.7964373,-0.5834576,52,pushing,1
S022C003P062R001A105.skeleton,-18.277063,-29.210144,-37.209747,-20.28816,2.2679563,-0.38185447,1.9188118,1.2872608,105,blow nose,3
S032C002P105R001A097.skeleton,0.8556221,-44.119137,25.021065,6.865114,1.5459611,-1.2854259,0.9958183,3.4027927,97,arm circles,2
S007C002P008R002A013.skeleton,-8.918795,-27.638826,21.724525,-10.663949,2.0138154,-1.6352524,1.1777024,-2.5219674,13,tear up paper,2
S019C002P048R002A118.skeleton,-27.89551,46.439514,-30.496775,-3.1443672,3.5472486,8.1872015,0.62256193,0.017362118,118,exchange things,2
S008C001P032R002A052.skeleton,-27.699673,37.054283,-10.0694895,22.977573,2.7762468,6.995459,0.2786982,-0.14804313,52,pushing,1
S012C003P018R001A027.skeleton,-13.024721,-12.567123,30.588278,16.371294,1.5834733,2.349873,-0.06402683,0.15179849,27,jump up,3
S008C003P036R001A006.skeleton,36.933914,-5.7282853,33.4365,-5.5891995,-3.383478,1.4840953,-5.981697,2.2059767,6,pick up,3
S029C001P089R001A119.skeleton,-0.96631646,8.384827,-24.644735,13.968901,1.5052981,4.0489836,-0.9521147,-0.054592848,119,support somebody,1
S022C001P062R001A091.skeleton,31.944023,35.413803,42.692406,-10.502066,-3.4194245,7.018817,-1.0877465,-1.9304986,91,open a box,1
S006C002P001R002A003.skeleton,-17.847273,-17.15033,-0.5230146,-11.107336,2.563321,0.9716978,2.2435465,-0.13037288,3,brush teeth,2
S014C001P027R002A008.skeleton,39.364716,-0.7708019,27.23038,9.357277,-2.997185,1.8529755,-5.44484,0.5805452,8,sit down,1
S011C001P027R001A019.skeleton,4.0316763,-40.591263,-37.188465,2.876914,1.1866279,-1.5080715,2.0833828,1.1890001,19,take off glasses,1
S011C002P001R002A018.skeleton,24.009188,39.637787,2.5528831,-8.094563,-2.3282268,6.0745006,0.66332275,-0.15159936,18,put on glasses,2
S014C003P007R002A033.skeleton,-31.276907,-1.0161957,14.737804,-16.28231,3.6033847,3.4084032,1.5209551,-0.49481606,33,check time (from watch),3
S006C001P015R002A033.skeleton,-6.3357882,14.229202,11.695007,-3.339561,0.21831587,4.6570816,1.6353616,-1.750101,33,check time (from watch),1
S023C003P063R002A108.skeleton,-15.877257,12.518372,-2.5090706,22.879713,1.4963328,4.4848495,0.60301596,-0.3041696,108,knock over,3
S031C002P096R002A092.skeleton,33.651333,-2.5205917,-13.771673,-26.49241,-3.1259365,1.9736265,-6.474964,1.7996864,92,move heavy objects,2
S010C003P018R002A028.skeleton,-31.538406,4.2621975,-5.9686456,3.195387,3.505042,3.0433228,0.921881,-1.8119185,28,phone call,3
S014C001P017R001A009.skeleton,32.445633,21.805283,39.26034,9.330519,-3.1605787,6.285791,-4.343998,-7.7725735,9,stand up,1
S011C001P027R001A056.skeleton,-30.213076,2.9872854,-32.11645,-30.958292,3.381006,2.920509,0.00054617325,0.02252038,56,giving object,1
S031C001P100R001A062.skeleton,4.232746,-37.04681,-12.782543,-18.591383,0.7820946,-1.5102967,0.04223122,0.7418923,62,take off headphone,1
S018C003P008R002A091.skeleton,-25.021431,-6.2827063,3.0200768,-13.471394,2.5330238,2.7299523,0.056207154,-0.8347263,91,open a box,3
S020C001P054R001A064.skeleton,-3.413604,-35.68578,23.489712,12.321351,1.0889391,-2.4086316,1.1813506,-2.5261452,64,bounce ball,1
S005C003P016R002A007.skeleton,-41.9533,3.0261145,27.782944,8.842724,4.2660136,3.5752716,-1.2105019,1.3868154,7,throw,3
S004C001P020R002A046.skeleton,-24.167326,-29.941906,19.798946,-27.689497,2.8606877,0.19502707,-1.0931449,0.37801987,46,back pain,1
S023C002P063R001A094.skeleton,-19.25878,18.96031,-1.245408,8.459066,1.9078057,5.7020435,0.48032296,0.7449398,94,throw up cap/hat,2
S030C003P081R002A098.skeleton,-31.675379,4.97331,-5.509788,-21.317442,3.4975743,2.9494953,1.0792724,-0.9403174,98,arm swings,3
S008C003P036R002A015.skeleton,-40.93474,2.1041794,51.028545,-2.2124753,4.289608,3.5763516,0.7274859,0.104542375,15,take off jacket,3
S026C001P075R001A113.skeleton,-30.657402,-30.205126,-30.769346,-34.329395,3.4316227,-0.18664551,-0.017865956,0.6539444,113,cheers and drink,1
S031C002P101R001A119.skeleton,-21.169607,32.41807,-26.854935,-12.691276,1.9772129,7.233503,-1.6121966,0.31449062,119,support somebody,2
S027C001P085R002A113.skeleton,19.952229,-17.405233,-8.0202265,23.286858,-1.1290371,-0.78502744,-0.56126446,-0.4504323,113,cheers and drink,1
S002C001P007R001A001.skeleton,7.7139783,-35.9731,-41.24398,-10.0063,0.74018115,-1.3285184,1.8645083,1.9370141,1,drink water,1
S010C001P007R002A051.skeleton,17.715515,2.0437663,1.1185477,-26.529303,-0.99190384,2.1954606,-3.273381,0.24944165,51,kicking,1
S010C001P013R001A059.skeleton,24.858927,5.693515,-35.56404,14.395901,-1.7380763,1.7812538,-3.882119,-1.0980599,59,walking towards,1
S005C001P004R001A035.skeleton,16.787374,-29.631708,3.5448146,17.7175,-0.35649142,-0.5531262,-2.6893268,0.13546933,35,nod head/bow,1
S018C003P042R002A075.skeleton,-35.847584,-0.54308,-0.9269192,-4.9188166,4.1118417,3.2424855,2.1760097,-1.0228122,75,cutting nails,3
S018C002P044R001A097.skeleton,-21.524397,21.025997,-9.6853895,-10.445974,1.9063435,5.5534086,0.09762018,1.8185481,97,arm circles,2
S008C001P035R001A028.skeleton,-4.157967,-38.055504,25.13944,-11.748752,1.3778614,-2.2158973,1.6947367,-2.3244917,28,phone call,1
S006C003P016R002A009.skeleton,23.312557,15.148015,19.722803,-32.08517,-0.70623094,6.4131804,-3.620879,-4.696791,9,stand up,3
S017C001P009R001A051.skeleton,-30.499565,4.405392,-9.13264,-26.928667,3.3991618,2.9560108,0.15408497,-0.66692334,51,kicking,1
S028C003P043R002A089.skeleton,4.3884106,-2.3656707,-9.6548605,-6.5882144,3.4980114,1.7389735,-0.71618956,-1.9168605,89,put object into bag,3
S019C003P047R001A119.skeleton,-39.858433,3.472265,-13.879088,-18.72105,4.2120624,3.494132,-0.5745185,0.06573485,119,support somebody,3
S023C003P064R002A114.skeleton,35.14264,2.3141365,29.954689,16.582678,-2.6914957,2.3180702,-5.8798504,0.22253296,114,carry object,3
S001C003P006R002A007.skeleton,-39.87348,-4.844825,2.6732693,-28.85561,4.306203,2.9165914,0.84022164,2.219206,7,throw,3
S023C003P064R001A099.skeleton,-19.85235,-29.591236,29.00627,20.551083,2.0580525,-0.13430426,0.6662281,-1.7697501,99,run on the spot,3
S023C003P063R001A089.skeleton,2.6991029,-23.982906,-0.5152391,17.565552,3.484123,0.9514592,0.3123804,-2.4195437,89,put object into bag,3
S008C002P029R002A008.skeleton,-13.198185,0.12883712,47.59945,-9.935575,1.5607214,3.1376555,-2.6043081,1.5833124,8,sit down,2
S029C003P075R001A097.skeleton,-20.847824,-26.681314,-18.715883,-0.55052966,2.0872116,0.14660333,0.29205734,2.1092916,97,arm circles,3
S022C001P064R001A069.skeleton,10.88876,-22.86515,4.5700026,-27.608793,0.015896844,-0.15196814,1.8966354,2.4406126,69,thumb up,1
S026C003P069R001A111.skeleton,-2.4605303,-14.958153,-33.45623,-5.634004,1.2722199,0.82495624,-0.66403836,-0.5031214,111,step on foot,3
S003C001P018R001A059.skeleton,25.704435,8.425603,-39.50434,14.660199,-1.6876559,2.4111044,-5.087884,-0.97771853,59,walking towards,1
S010C001P025R001A012.skeleton,-4.3049674,-34.70311,-38.840313,-13.109213,1.1162496,-2.4628797,0.96868044,-2.9560807,12,writing,1
S030C003P095R001A072.skeleton,-4.878823,-22.26329,-0.31938827,-19.6939,1.1867657,-0.11967033,1.5677731,1.763753,72,make victory sign,3
S013C002P015R001A007.skeleton,-24.797274,43.826378,-23.783918,-2.7143338,2.9062243,7.92211,0.30952698,-0.62176365,7,throw,2
S007C003P015R001A006.skeleton,32.535614,-0.46780524,2.0131311,-12.349209,-2.9597487,2.3491383,-6.5834775,2.0225418,6,pick up,3
S007C002P016R002A052.skeleton,-0.53776664,-8.853419,-13.04842,-24.671415,0.6515366,1.547177,0.008069088,-0.05237155,52,pushing,2
S029C003P088R002A110.skeleton,20.27134,-17.538563,4.2512403,20.66752,-1.1334902,-0.84959924,0.6206951,-0.1072004,110,shoot with gun,3
S011C002P015R001A045.skeleton,-8.173082,21.413406,-10.056597,-25.471909,1.0077925,5.224677,0.307679,-0.09052677,45,chest pain,2
S029C003P043R002A067.skeleton,-19.591728,41.92891,-20.210365,4.8685856,1.7677164,7.105481,2.437445,0.12360039,67,hush,3
S013C001P037R002A036.skeleton,-29.0322,-30.323215,17.754519,-32.637074,3.42417,-0.079898536,0.57142246,0.6327396,36,shake head,1
S007C003P026R001A057.skeleton,-12.600988,-0.27283308,-34.662895,-30.949545,1.5531257,2.8854637,-0.27944604,0.6351919,57,touch pocket,3
S012C002P007R001A030.skeleton,-28.751036,41.586445,39.92351,7.950028,3.2182963,7.5988517,0.17770824,-0.6963146,30,type on a keyboard,2
S006C003P022R002A016.skeleton,32.718037,22.571363,48.926655,-4.2325263,-3.1636422,6.3484626,-3.6853359,-6.7081227,16,put on a shoe,3
S014C003P008R001A038.skeleton,-10.01587,-20.558279,0.485655,-26.93078,1.7919935,0.51207805,2.7002525,0.9893728,38,salute,3
S029C003P006R002A076.skeleton,-8.930373,51.504383,-18.428423,-4.289894,0.8435465,8.760051,1.0374273,-0.36830598,76,cutting paper,3
S011C001P001R001A044.skeleton,-10.298907,13.595293,-8.946784,-9.697752,0.60339004,4.4611588,2.1202817,0.82851785,44,headache,1
S025C003P065R001A063.skeleton,37.824516,31.000341,0.29242697,43.191216,-3.390964,7.154946,2.097341,0.86222595,63,shoot at basket,3
S023C001P057R001A066.skeleton,-4.8507624,-40.258286,-12.631898,12.854663,1.4803158,-2.2590613,1.8777947,-1.0453358,66,juggle table tennis ball,1
S013C002P007R002A018.skeleton,44.588627,30.017382,12.527772,-12.409156,-4.1706223,7.072306,0.802837,-0.61110055,18,put on glasses,2
S031C002P096R002A080.skeleton,35.684025,-3.0174625,-1.3446158,48.0701,-3.0289185,1.5281291,-5.3349285,1.3037454,80,squat down,2
S020C003P044R002A061.skeleton,-3.0594776,51.967346,12.603749,13.578803,0.29266948,9.091839,2.074612,-0.1525625,61,put on headphone,3
S024C001P057R001A064.skeleton,6.451663,32.135895,-6.34472,28.491934,-0.49190056,6.688143,-0.16966805,-0.32446927,64,bounce ball,1
S008C002P033R002A033.skeleton,-15.845195,-36.912342,35.00017,-10.704069,2.725477,-1.5437633,0.90277874,-2.2330327,33,check time (from watch),2
S032C002P043R002A094.skeleton,12.947761,-10.111628,1.9439826,61.838287,-0.6094385,1.004654,1.1276828,0.48928005,94,throw up cap/hat,2
S008C002P007R001A033.skeleton,25.707626,29.349411,32.128826,-2.9436197,-2.451147,7.1130114,1.8859172,-0.60484695,33,check time (from watch),2
S020C002P044R002A071.skeleton,10.845449,-15.4367695,5.4743333,37.480377,-0.1882201,0.5624267,1.7370734,2.0840304,71,make OK sign,2
S018C003P041R001A118.skeleton,30.62317,-29.506273,0.052392222,17.927814,-0.85300416,0.7432019,0.78036666,-0.14839184,118,exchange things,3
S026C001P075R002A071.skeleton,24.673618,37.63524,2.8820965,61.570606,-2.3539822,6.3167014,1.3332834,-0.09655097,71,make OK sign,1
S030C002P081R002A114.skeleton,32.508533,-17.410633,-11.934484,-26.590778,-1.8202516,-0.108078346,-5.498265,1.7418565,114,carry object,2
S027C002P080R001A068.skeleton,-6.0496426,27.301153,23.635448,-1.220366,4.4195194,8.850135,0.71539116,-0.3326939,68,flick hair,2
S020C003P044R002A084.skeleton,-6.079303,27.629904,17.654667,13.619236,4.458506,8.804684,1.6788234,-0.7958431,84,play magic cube,3
S019C002P049R002A084.skeleton,27.73836,29.073418,-38.620316,14.241494,-2.6416466,7.1288457,0.06923092,-0.6185138,84,play magic cube,2
S013C001P025R002A012.skeleton,38.49703,37.08776,15.655418,-35.065872,-3.8911011,7.7271132,0.88674927,-0.64753443,12,writing,1
S009C003P015R001A031.skeleton,20.61103,37.147087,-42.31992,3.4763012,-2.4539413,6.393095,-0.35093877,-0.5941425,31,point to something,3
S020C003P053R001A105.skeleton,6.9556417,-29.534378,14.297365,21.681284,0.9717855,-0.03312578,1.8836061,1.2816815,105,blow nose,3
S017C003P015R001A052.skeleton,-17.941044,3.8433988,-29.570272,-6.01172,2.1652987,2.98542,-1.1374376,0.37383083,52,pushing,3
S019C002P047R001A072.skeleton,-21.838312,25.040531,25.816824,-12.5762825,2.0688066,5.7983,1.8827184,0.6321313,72,make victory sign,2
S027C001P006R001A105.skeleton,9.330006,-37.191437,14.7186775,15.9076605,0.57771885,-1.4545603,-0.1656596,-0.26652563,105,blow nose,1
S003C003P007R002A054.skeleton,3.546926,-28.634981,-34.01599,-6.2604523,0.2978173,-1.4966483,-0.30062437,0.48421776,54,point finger,3
S028C003P087R002A081.skeleton,-38.937263,-4.144617,-3.8132493,47.395832,4.233777,2.9133046,0.1759285,0.21961728,81,toss a coin,3
S029C001P090R001A110.skeleton,-26.59406,0.7362799,-0.5551712,47.10762,2.9208698,3.4903162,-1.6944473,0.4928137,110,shoot with gun,1
S006C001P008R001A033.skeleton,36.553646,31.798729,43.53406,8.79937,-3.2510169,7.053067,0.75421304,-0.81323266,33,check time (from watch),1
S032C002P041R002A088.skeleton,22.519894,-28.362074,5.709286,-15.794261,-0.25277635,-1.4526836,-1.3847383,-0.5736249,88,take off bag,2
S008C001P025R002A033.skeleton,37.97114,37.255272,50.93002,-3.1049368,-3.8627522,7.706786,1.4168075,0.32701078,33,check time (from watch),1
S023C001P066R001A076.skeleton,-3.725676,-34.89295,-4.5148945,14.099056,1.068178,-2.4303944,1.2647753,-2.0548735,76,cutting paper,1
S032C003P104R001A105.skeleton,9.383723,-25.167206,-5.9177413,2.7999208,0.6445954,-0.02809528,1.5170364,0.5556781,105,blow nose,3
S013C001P019R002A018.skeleton,-18.74861,-41.023506,-14.282892,-31.293264,3.0480466,-1.9289905,1.8985994,-2.1956959,18,put on glasses,1
S027C003P086R001A081.skeleton,-0.97379047,-44.58545,19.847876,2.8608987,1.9237229,-0.93349755,1.5873142,1.139842,81,toss a coin,3
S012C001P016R002A031.skeleton,-11.206123,-0.36382368,25.81433,7.2507434,1.4768301,2.875019,0.33958054,2.311878,31,point to something,1
S007C002P015R001A031.skeleton,-2.1211977,21.150555,-24.918715,-2.7495322,0.41811118,5.7732325,-2.2354944,-2.267996,31,point to something,2
S027C001P082R002A088.skeleton,-20.122204,-29.629885,14.6821165,16.552189,2.1042469,0.16058983,1.8924742,0.40739942,88,take off bag,1
S005C002P021R002A048.skeleton,41.090546,-1.7121339,-36.095264,-13.95395,-2.968654,1.8246319,-1.5583898,-1.0864824,48,nausea/vomiting,2
S016C002P008R001A060.skeleton,20.651405,17.928057,5.914251,73.884605,-0.7392843,6.383844,0.9616785,1.1976266,60,walking apart,2
S031C002P044R002A094.skeleton,17.887423,27.83303,-7.8110733,26.815517,-1.4716429,6.9152784,0.015077472,-0.018702269,94,throw up cap/hat,2
S004C002P008R002A014.skeleton,22.849945,-31.766613,6.645711,3.8647108,0.2268666,-1.336794,-0.109847486,-1.1410147,14,put on jacket,2
S031C002P041R002A082.skeleton,17.356098,-1.9591566,-0.71102816,-21.863964,-0.7791193,1.7419496,0.6845954,-1.5956947,82,fold paper,2
S030C003P092R001A077.skeleton,7.6313367,-26.382324,-1.9839712,-18.633965,0.64927924,0.04910411,0.6524112,0.9976164,77,snap fingers,3
S011C003P028R001A016.skeleton,22.951384,38.461838,9.103472,-14.111227,-2.2156875,6.216875,-0.949885,-0.19795153,16,put on a shoe,3
S023C001P056R002A120.skeleton,-25.020647,40.716103,-43.10571,12.105594,2.4777474,7.717592,-0.17490059,0.83894825,120,rock-paper-scissors,1
S016C001P040R002A014.skeleton,5.487322,1.7872218,-5.2101707,13.231158,3.8086994,1.930517,0.76848996,-0.69573855,14,put on jacket,1
S006C003P007R001A059.skeleton,-14.401217,37.37835,-43.875267,14.993445,1.7249026,7.6239,-3.234324,0.5579264,59,walking towards,3
S032C001P104R001A090.skeleton,-7.6983485,-36.45963,8.302019,-16.215397,1.7500234,-2.4650187,0.45395887,-2.1451855,90,take object out of bag,1
S021C003P055R001A113.skeleton,16.627476,-37.746906,24.517075,-0.46740925,0.38824627,-0.5969631,1.4000354,-0.117150426,113,cheers and drink,3
S015C003P016R002A060.skeleton,-8.030696,36.34356,-35.17116,16.110886,1.095121,7.2932615,-0.45853359,-1.7852613,60,walking apart,3
S023C001P065R002A096.skeleton,38.393486,35.760868,17.023937,13.014809,-3.874957,7.7139564,1.894314,0.7691525,96,cross arms,1
S008C002P033R002A051.skeleton,-19.464558,23.624498,-41.060062,5.982282,1.9345595,5.870538,1.1187247,0.13948414,51,kicking,2
S002C003P013R002A028.skeleton,-31.93016,-33.50826,-38.60527,5.8486853,3.4777412,-0.20320383,1.3761653,1.0641165,28,phone call,3
S013C003P018R001A001.skeleton,-2.4676468,-4.140635,-0.54818547,-8.605357,1.0758218,2.391488,0.47201812,-0.35273555,1,drink water,3
S014C003P017R001A019.skeleton,2.5474966,17.85527,2.3737907,1.9333217,-0.32089242,5.2295556,0.4324651,0.16387093,19,take off glasses,3
S016C002P008R002A021.skeleton,-14.335401,-24.55503,40.078026,2.6636555,2.3225508,-0.36264554,1.0971881,1.6115496,21,take off a hat/cap,2
S031C002P042R001A086.skeleton,-5.9319367,25.902367,-11.64492,-8.365848,4.4823604,8.798369,0.47742903,-0.7305193,86,apply cream on hand,2
S031C001P067R001A118.skeleton,13.829627,-23.999226,-4.89341,-12.388511,-0.008375054,-1.4432826,1.4902494,-0.5207342,118,exchange things,1
S016C003P021R002A019.skeleton,4.46497,20.16312,47.50138,-3.2815816,-0.50917035,5.349998,-0.8834863,0.21847272,19,take off glasses,3
S027C003P079R001A081.skeleton,16.430456,-37.015835,21.203205,2.75069,0.41297728,-0.55923766,1.5714333,0.42387295,81,toss a coin,3
S030C001P085R002A077.skeleton,-18.578615,-41.523296,-14.843268,2.8716948,3.0678432,-1.9157503,1.44078,-1.5587782,77,snap fingers,1
S027C002P041R002A084.skeleton,6.781182,42.290573,-40.027504,14.2347355,-0.47950807,7.287006,0.5591955,-1.5449831,84,play magic cube,2
S010C001P015R002A051.skeleton,-29.942455,3.7331374,-39.314533,7.072764,3.343039,2.8820512,-0.33941257,0.0066868067,51,kicking,1
S030C001P044R002A096.skeleton,3.9699297,-15.660185,-4.13164,47.03212,0.49452633,0.5414153,1.4918362,-0.3489525,96,cross arms,1
S001C002P008R002A044.skeleton,-8.049037,-21.700634,15.553233,-26.240692,1.5826321,0.07770284,1.6877825,1.5247525,44,headache,2
S026C001P050R001A089.skeleton,2.6758175,37.527966,-19.82801,-22.344559,-0.3436837,6.4595895,1.6352452,-0.5896752,89,put object into bag,1
S003C003P001R002A054.skeleton,-10.902556,6.5464478,-27.658445,-7.6608996,0.6558301,3.6838856,0.14775509,-0.45035338,54,point finger,3
S015C002P019R002A020.skeleton,-0.47330302,-50.205505,18.32687,-18.426872,1.589315,-0.7731498,1.6832212,2.9218144,20,put on a hat/cap,2
S017C002P009R001A005.skeleton,-25.83855,46.628708,2.8076172,0.289575,3.3561275,8.001867,-0.06540263,0.21973729,5,drop,2
S001C001P003R001A041.skeleton,-15.690747,-35.310993,36.903458,10.084199,2.3516893,-0.9494896,1.9208791,-1.5418929,41,sneeze/cough,1
S005C001P016R002A008.skeleton,33.899857,6.779919,-6.290729,20.843082,-2.3838203,2.5292258,-4.8734674,0.12936701,8,sit down,1
S016C003P008R001A046.skeleton,5.1334743,37.730606,-32.815426,-37.039303,-0.44666204,6.521456,0.016523296,-0.44493148,46,back pain,3
S027C003P008R002A067.skeleton,-4.1256523,52.161453,18.35297,1.8056909,0.32633966,9.07275,1.3233585,-0.41705552,67,hush,3
S015C003P007R002A033.skeleton,5.6969976,43.327248,17.200262,4.2967978,-0.43791834,7.3677087,-0.23650467,-2.574712,33,check time (from watch),3
S019C001P041R002A118.skeleton,15.871524,-2.296331,40.98687,-15.400402,-0.7293012,1.824346,-0.5751698,-0.5857159,118,exchange things,1
S012C002P016R001A028.skeleton,-12.571122,18.265488,8.315587,-22.980684,1.043502,5.167073,1.0215999,-0.016918024,28,phone call,2
S031C001P100R001A090.skeleton,13.017936,-39.65634,-23.036863,-7.692099,0.92338866,-1.8499349,1.0562268,-1.3800789,90,take object out of bag,1
S028C002P070R001A098.skeleton,-20.660353,22.71755,-26.715118,-16.052895,2.0864642,5.785595,1.17742,0.52840686,98,arm swings,2
S010C003P017R002A042.skeleton,26.401054,11.34928,-23.320534,13.219711,-1.5853388,2.7603602,-2.7168567,-2.746137,42,staggering,3
S012C003P018R001A025.skeleton,-11.215509,-21.860065,31.671158,18.05978,1.8339834,0.3806734,0.8390279,-0.2219607,25,reach into pocket,3
S029C001P051R002A083.skeleton,-17.052303,-47.681988,-19.724516,11.706785,2.9601257,-2.28787,1.5134575,-3.2985938,83,ball up paper,1
S014C001P017R002A005.skeleton,7.8030405,19.57164,8.831657,-2.1289666,-0.68662,5.2160993,-0.0050640744,-0.43646088,5,drop,1
S008C002P032R002A054.skeleton,-8.205091,42.693943,-44.237408,13.197024,0.97846633,7.2738943,0.96675515,-0.24771823,54,point finger,2
S007C002P018R002A031.skeleton,-2.1434197,-9.985218,34.206764,-12.288498,0.7231059,1.566507,0.44950342,1.7599379,31,point to something,2
S025C001P059R002A089.skeleton,5.4071264,2.4429693,40.724133,1.0097849,3.850411,2.0742967,-0.48000574,-1.3633448,89,put object into bag,1
S023C001P066R001A092.skeleton,38.988384,-8.804519,-6.3134937,15.570156,-3.6587858,1.3168416,-5.7640996,1.0849761,92,move heavy objects,1
S012C002P016R002A029.skeleton,-19.716385,-19.31099,7.7060013,-22.600105,2.580097,0.74054265,1.8501363,-2.4536388,29,play with phone/tablet,2
S027C003P081R001A103.skeleton,-10.352,-11.246828,25.253878,0.3605506,1.502331,1.8664249,0.9248627,0.6152836,103,yawn,3
S032C002P104R002A087.skeleton,7.8211207,1.1438811,8.102609,-17.88124,3.7433724,1.6411977,0.44200265,-0.26093245,87,put on bag,2
S027C002P006R002A115.skeleton,-29.78638,40.37949,-23.609491,41.867256,3.0820444,7.4235196,0.4947579,-0.08856636,115,take a photo,2
S032C003P044R001A103.skeleton,6.6516514,-31.244822,0.46201319,-2.5201066,0.9878108,-0.34647244,1.7925956,2.4759758,103,yawn,3
S010C002P017R002A004.skeleton,3.2137816,16.261217,7.475732,-24.529192,-0.38682586,5.128587,1.8517318,0.50358844,4,brush hair,2
S008C001P001R002A040.skeleton,-13.785521,-6.65717,24.999912,-10.248008,2.0106552,2.2836697,2.2358007,1.2511052,40,cross hands in front,1
S029C002P043R001A067.skeleton,-26.47139,36.744057,-16.855795,39.470562,2.5870337,7.0202556,0.66673416,0.0054136016,67,hush,2
S027C003P011R001A101.skeleton,37.838127,-3.5029707,21.47696,0.5604024,-3.1119215,1.5962024,-3.9256263,0.9958459,101,cross toe touch,3
S026C001P071R002A068.skeleton,-32.84144,-34.450237,-22.241657,-30.858011,0.99712443,-0.26980022,1.8923333,1.839091,68,flick hair,1
S028C003P042R002A075.skeleton,-37.422844,-0.77295196,-10.139553,-3.6977434,4.247621,3.1466777,2.5692272,-2.0355637,75,cutting nails,3
S031C003P041R002A090.skeleton,-9.214035,52.399315,-5.531471,-24.67063,0.8572476,8.784544,0.8950331,-1.4474398,90,take object out of bag,3
S007C001P025R002A017.skeleton,33.96991,-0.13124985,30.429743,-1.8855195,-2.848392,2.4239664,-5.2492304,1.786639,17,take off a shoe,1
S031C003P085R001A095.skeleton,5.706606,-18.004196,0.29935673,63.866966,0.31595823,0.46913013,1.3672422,2.9276562,95,capitulate,3
S010C003P025R001A020.skeleton,0.4259158,-46.501972,-40.806076,-9.113158,2.1454618,-0.7507417,2.3882895,1.6093291,20,put on a hat/cap,3
S005C003P015R001A006.skeleton,32.404095,-0.14515401,-4.6434383,-9.874051,-2.8732023,2.4579837,-6.417283,2.1361215,6,pick up,3
S008C002P033R001A054.skeleton,-28.553308,46.552814,19.68552,-32.35619,3.5916252,8.221074,0.48684275,0.3718471,54,point finger,2
S008C001P035R002A037.skeleton,8.335904,-11.498732,29.622961,-2.31779,0.030630792,1.0194948,0.9227422,-0.88605064,37,wipe face,1
S028C001P041R002A107.skeleton,14.352255,-8.075743,3.8668978,61.150837,-0.84995985,0.9385411,-1.1952512,0.035385065,107,wield knife,1
S013C002P008R002A044.skeleton,-9.408103,-24.856297,12.319514,13.081164,0.15670197,-1.9723487,1.8078799,0.6549879,44,headache,2
S028C003P073R001A103.skeleton,9.295369,-31.105768,-10.283387,-6.7074914,0.7138987,-0.34426272,1.7408371,1.4680408,103,yawn,3
S003C003P019R002A043.skeleton,-6.00717,49.18251,-44.890213,11.779023,0.43037644,8.860684,-3.9643812,0.748196,43,falling down,3
S022C002P063R002A096.skeleton,-8.15132,18.957602,-34.99272,16.223675,0.778271,5.055878,1.3022134,1.9913805,96,cross arms,2
S025C001P065R002A100.skeleton,14.052747,6.8218617,24.982471,-2.9987435,-0.66167337,2.5269299,-1.6486868,-0.4417034,100,butt kicks,1
S011C003P028R001A039.skeleton,-20.105474,-17.516216,-14.495994,-14.3231,2.5136175,0.8728641,2.5204346,-0.53106344,39,put palms together,3
S031C002P051R002A106.skeleton,13.308178,3.5153213,-3.3170452,64.52096,-0.85771376,2.251432,-3.3960783,0.5702347,106,hit with object,2
S027C002P080R002A098.skeleton,-15.100511,-26.722603,22.776455,-2.4920166,2.2728755,-0.66366833,1.454645,1.6264733,98,arm swings,2
S010C001P013R001A021.skeleton,34.505024,31.908642,-25.55807,-23.3394,-3.4270222,7.4938955,1.1998681,0.3596254,21,take off a hat/cap,1
S016C002P025R001A047.skeleton,17.814535,36.08339,45.957184,3.8961337,-1.7297502,6.394448,0.48891217,0.37368336,47,neck pain,2
S019C002P048R001A102.skeleton,15.799823,3.3932042,19.537405,-10.332369,-0.9084426,2.2398753,-3.6389062,-0.07171388,102,side kick,2
S001C001P002R002A060.skeleton,1.7596072,-9.27678,35.21036,6.183333,0.23688015,1.154551,-1.3566775,-1.0287396,60,walking apart,1
S027C003P008R002A115.skeleton,12.077676,29.577997,-26.764359,0.29556322,-0.6679078,6.555572,-0.6331934,-1.7249978,115,take a photo,3
S020C002P008R002A098.skeleton,-18.450699,-27.047222,24.831472,-3.8602629,1.9778148,-0.062682524,0.8627675,1.9713714,98,arm swings,2
S007C003P025R002A042.skeleton,9.728466,21.187145,2.5325687,16.912256,3.2706652,2.7630188,-1.9585116,-0.111419275,42,staggering,3
S023C002P064R002A086.skeleton,-15.049076,-31.749971,4.4238114,16.870499,2.4884114,-1.5601375,2.5542383,-2.2505047,86,apply cream on hand,2
S027C001P080R001A068.skeleton,-0.9266654,-33.510624,17.626366,17.961802,0.74824154,-2.3727221,1.8071201,0.563587,68,flick hair,1
S009C003P025R001A035.skeleton,10.264812,-45.216717,-44.464027,7.6096964,0.7714027,-1.0920818,-2.523429,-0.6170605,35,nod head/bow,3
S007C002P028R002A041.skeleton,-8.6506605,-8.398569,19.47003,-10.836138,1.3249608,2.035269,-1.4604406,-0.571376,41,sneeze/cough,2
S006C003P024R001A003.skeleton,-10.5875435,-9.1674595,46.26081,0.91724217,1.4688901,2.006835,1.1646612,0.6386516,3,brush teeth,3
S009C002P025R002A049.skeleton,9.547191,-43.680134,-47.56293,8.494633,1.0017716,-0.8454769,0.86677307,-0.06757565,49,fan self,2
S009C003P015R001A044.skeleton,-9.303751,-9.672017,-44.484818,4.1831756,1.4124846,1.909965,2.023522,0.7458952,44,headache,3
S019C003P042R002A114.skeleton,24.762712,-18.021421,29.61274,20.729776,-1.2592255,-0.61058354,-3.241186,-0.23381293,114,carry object,3
S019C002P041R002A071.skeleton,10.744744,-13.782696,25.635553,-9.952756,-0.23476711,0.72409326,1.2281871,2.0169578,71,make OK sign,2
S020C001P008R001A098.skeleton,31.216454,29.803778,19.462387,13.450005,-2.8973868,7.460217,1.6961606,0.25198364,98,arm swings,1
S031C001P042R001A116.skeleton,35.988937,-20.412695,-30.041332,-9.972614,-1.9590309,0.5674529,-2.0819268,-0.258569,116,follow,1
S029C003P051R001A105.skeleton,7.6845746,-28.939932,-5.755145,-2.9397478,0.79348415,-0.20590925,1.5020254,1.5685446,105,blow nose,3
S025C003P059R002A119.skeleton,-15.38895,35.945595,34.088493,5.59396,1.8920105,7.9794884,-1.9985132,0.31351823,119,support somebody,3
S010C001P021R001A023.skeleton,-3.5364308,-6.2942533,0.02780336,-20.013845,0.7515271,1.9801519,1.2319402,2.0294938,23,hand waving,1
S014C001P027R002A053.skeleton,-9.5535555,47.3496,-6.3724384,12.069229,0.93828017,8.05265,-0.1843241,-0.7361959,53,pat on back,1
S010C003P019R001A050.skeleton,32.86305,-20.880827,-12.365755,2.253216,-1.7834027,0.0447843,-1.8587234,0.978844,50,punch/slap,3
S017C003P003R001A044.skeleton,-22.657875,-36.56789,37.659737,5.872621,2.5214782,-0.54442436,2.114017,0.5441741,44,headache,3
S014C003P007R001A009.skeleton,37.61152,22.681252,26.784346,7.363662,-3.6595647,6.531067,-3.818456,-6.2696934,9,stand up,3
S025C001P068R001A095.skeleton,22.471672,-10.65103,6.203763,73.28723,-1.8803648,-1.7599995,0.81037486,1.5786196,95,capitulate,1
S017C001P016R001A055.skeleton,-18.442577,22.299316,-22.348757,-22.830795,1.8180771,5.775463,-0.40241608,0.5887842,55,hugging,1
S031C001P006R001A089.skeleton,6.52515,-39.536354,-12.647432,-20.262094,0.97056454,-1.6983819,1.2156211,-1.2627071,89,put object into bag,1
S027C002P011R002A120.skeleton,-22.994041,-33.977917,30.306614,-5.6699743,3.2044737,-0.33650422,0.44040966,-1.9500642,120,rock-paper-scissors,2
S027C001P079R001A089.skeleton,6.5443954,-39.650726,15.362676,19.4889,1.094709,-1.7940222,0.6069696,-2.9566398,89,put object into bag,1
S016C002P019R002A032.skeleton,-7.169384,-23.703825,17.8695,-18.655388,1.3765081,-0.26805636,1.123241,-0.26336098,32,taking a selfie,2
S022C001P064R002A071.skeleton,1.6760898,-13.95295,-5.6373186,12.868161,0.51291776,0.9023701,1.8439188,0.8257586,71,make OK sign,1
S013C002P017R002A004.skeleton,-10.18012,-19.815588,6.510484,-12.943469,1.7440001,0.7280472,2.2765613,1.3766593,4,brush hair,2
S002C001P008R001A012.skeleton,28.157518,27.948738,-30.455591,-7.656745,-2.8628697,7.071042,0.37059236,-1.5599989,12,writing,1
S026C003P008R001A066.skeleton,33.37495,31.32819,-14.833209,-24.501844,-3.2503545,7.589946,0.8026861,0.3287738,66,juggle table tennis ball,3
S027C002P079R001A083.skeleton,-26.449085,21.29777,23.571033,-3.1149204,2.485014,5.344205,1.3805816,-1.2094228,83,ball up paper,2
S004C003P020R001A016.skeleton,37.776367,2.0375419,-21.424349,12.463283,-2.6958518,1.9545535,-4.4825053,0.73290074,16,put on a shoe,3
S011C001P018R001A036.skeleton,3.4155812,20.77894,-12.759967,17.038443,-0.44010848,5.469276,-0.39461887,-0.053752705,36,shake head,1
S002C001P010R002A048.skeleton,-1.5431952,-11.614119,-39.394783,-15.654508,0.745418,1.347163,1.3004485,-0.31337819,48,nausea/vomiting,1
S017C003P008R002A013.skeleton,0.48021108,8.60193,4.15127,21.727793,1.9001073,3.739718,-2.2387195,-1.6438259,13,tear up paper,3
S007C001P017R001A046.skeleton,-7.84399,3.2157018,26.640285,-11.168911,0.768255,3.2325757,-0.12499732,0.5919963,46,back pain,1
S030C001P043R002A112.skeleton,23.108648,-19.048384,-34.90054,14.182014,-1.11491,-1.4739249,0.44829574,1.5574605,112,high-five,1
S026C003P008R001A085.skeleton,43.077057,29.157562,5.9932823,-12.72859,-4.1189175,7.088913,-0.5153257,-1.5748618,85,apply cream on face,3
S013C001P037R001A024.skeleton,20.756275,-21.892511,18.114033,-1.0428457,-0.7559015,-1.7776998,-2.0358698,-0.011561931,24,kicking something,1
S027C003P078R002A063.skeleton,-37.754387,4.066637,15.154641,2.971143,3.9791315,3.3658304,1.0555137,1.1735798,63,shoot at basket,3
S003C003P007R001A036.skeleton,7.946878,-44.822247,-27.600939,-17.056866,0.8842855,-0.97848076,-0.17343985,0.2392412,36,shake head,3
S006C003P008R001A005.skeleton,-13.977229,-14.349921,16.152761,-22.85399,1.9660572,1.3964173,0.8296154,-0.96991247,5,drop,3
S006C003P023R002A035.skeleton,19.451714,11.563309,46.18964,0.44485268,-2.0389125,2.9659488,-3.5266979,-0.0031301975,35,nod head/bow,3
S023C001P057R001A101.skeleton,38.309402,-9.661036,10.709916,14.700652,-3.6794367,1.2625972,-2.8100703,-0.45933378,101,cross toe touch,1
S013C002P025R002A043.skeleton,31.554377,-18.881393,7.127362,-10.749483,-1.799055,-0.16453493,-5.452361,2.7298815,43,falling down,2
S001C001P005R001A041.skeleton,-2.6836345,-28.717026,33.26143,9.765834,0.487116,-2.1538422,0.9473368,0.10845733,41,sneeze/cough,1
S010C001P016R002A049.skeleton,-20.30932,-13.520101,-35.647453,-2.6358128,2.6503394,1.1008703,1.5395013,-0.44175872,49,fan self,1
S007C002P026R002A009.skeleton,33.543995,22.402554,44.431957,-11.082454,-3.2302566,6.3065796,-3.7758808,-7.063265,9,stand up,2
S003C001P019R001A030.skeleton,-3.6215134,-37.47182,-46.45142,8.625451,1.2942227,-2.231312,0.9685963,-2.7262318,30,type on a keyboard,1
S017C001P007R002A043.skeleton,25.573776,5.4488792,1.8637933,-4.969162,-1.8037947,1.9391135,-5.169559,1.248711,43,falling down,1
S008C003P035R001A031.skeleton,10.919219,-14.974824,6.560784,37.74654,-0.20068803,0.6233608,1.487975,1.8357435,31,point to something,3
S029C002P048R001A114.skeleton,30.491938,-4.5701323,-33.008614,-6.4074836,-3.2323408,2.1560822,-4.333532,2.0330155,114,carry object,2
S014C001P025R002A056.skeleton,-30.691423,-10.00604,25.584717,-22.533562,2.80843,2.4279702,0.13110548,-0.96551037,56,giving object,1
S015C001P015R001A002.skeleton,2.4669588,18.365688,24.996035,16.586248,-0.3714645,5.231058,1.4704778,0.08683014,2,eat meal,1
S015C002P015R001A022.skeleton,-22.677984,36.492878,33.250114,7.4327188,1.6491568,6.876243,1.9377419,0.5252958,22,cheer up,2
S004C003P007R002A014.skeleton,14.559842,27.317322,-22.276714,5.129704,-1.213735,6.793908,1.1568584,-0.5765284,14,put on jacket,3
S012C003P016R002A012.skeleton,-29.823154,0.09740442,-8.740927,14.767436,3.3826575,3.0414248,2.7012968,-0.53359175,12,writing,3
S011C003P019R001A054.skeleton,15.0611315,-24.306547,15.449279,-17.679676,-0.36448002,-1.1945084,0.8122382,0.9562399,54,point finger,3
S024C001P067R002A098.skeleton,5.49668,-15.361163,4.0112143,22.009146,0.49328706,0.58714885,0.92450356,2.7177124,98,arm swings,1
S003C002P016R002A026.skeleton,-10.280303,33.93518,-46.284126,10.027072,1.2269629,7.3645,-3.445496,-0.21807726,26,hopping,2
S021C002P055R002A086.skeleton,-11.304891,-46.825836,-35.817642,9.262291,2.512901,-2.4974768,2.0799892,-2.0146415,86,apply cream on hand,2
S012C001P028R002A038.skeleton,-24.37156,-9.777669,38.726433,1.7338089,2.6388972,2.118924,2.6988664,2.3820975,38,salute,1
S001C002P001R002A053.skeleton,-9.0153885,-16.981247,-12.451876,12.613186,1.6136147,0.9795018,0.17638178,0.06276867,53,pat on back,2
S029C002P048R002A115.skeleton,-16.90508,12.436818,-2.9245806,64.341965,1.4672455,4.437145,-0.09928879,1.0831276,115,take a photo,2
S014C002P019R002A001.skeleton,-12.925704,-36.952206,22.040121,-20.399645,2.5368185,-1.8953704,1.7983329,-3.0972571,1,drink water,2
S003C001P015R001A057.skeleton,-11.54384,14.979986,-35.695442,-30.832811,0.7440856,4.6339493,1.3797401,-1.0126011,57,touch pocket,1
S027C001P081R002A111.skeleton,-9.779261,-24.843266,-0.5748597,60.174717,1.6251512,0.07895895,0.34970257,0.43604165,111,step on foot,1
S007C003P017R001A014.skeleton,4.8420486,-3.5343883,-37.78495,-14.355867,3.462594,1.61656,0.28081942,-0.5435029,14,put on jacket,3
S012C003P008R001A027.skeleton,30.21134,-34.548023,9.07218,-16.055119,-1.0269464,0.42594355,-0.49539208,0.00880155,27,jump up,3
S003C002P001R001A020.skeleton,19.28739,33.830624,-45.389503,10.703321,-2.0491252,6.7827663,0.58625937,-0.096214294,20,put on a hat/cap,2
S027C001P011R002A112.skeleton,13.151968,1.5993279,14.383301,16.295685,-0.76843184,2.143265,-1.8021572,0.23637652,112,high-five,1
S007C002P017R002A016.skeleton,22.031363,39.213486,17.90156,-8.073615,-2.4549541,6.293926,-0.6295877,-1.5026288,16,put on a shoe,2
S032C003P103R001A096.skeleton,12.984481,-42.545094,3.2895827,0.78889304,2.0474467,-1.7783519,1.8090396,-1.0207276,96,cross arms,3
S016C003P039R001A011.skeleton,4.3673816,36.69267,-32.657776,-37.12557,-0.32431057,6.3131022,-0.098756075,-0.8790668,11,reading,3
S002C001P007R001A035.skeleton,38.232765,-9.096,-36.987568,0.41672274,-3.6500936,1.2226324,-4.1393876,0.05682063,35,nod head/bow,1
S031C001P041R002A061.skeleton,-28.464579,-36.45169,-4.1376953,-23.358568,2.7222557,-0.44337112,2.5188541,1.711852,61,put on headphone,1
S016C001P007R001A014.skeleton,0.4101168,-6.099581,33.67185,19.69498,0.46532023,1.7256539,1.2839501,1.0511204,14,put on jacket,1
S002C003P003R002A007.skeleton,-10.188428,50.65057,-37.30264,-24.890095,1.030692,8.5936,1.5366035,-0.3530858,7,throw,3
S030C002P093R001A069.skeleton,-12.659686,18.71644,-15.169848,-6.555765,1.066766,5.2497177,1.8596063,-0.03241862,69,thumb up,2
S003C002P015R001A033.skeleton,-8.212231,13.672843,-40.457584,-16.655914,0.47248676,4.5641,1.3459252,-0.9186513,33,check time (from watch),2
S012C002P008R002A021.skeleton,43.199688,32.374535,46.760647,1.3861481,-4.1596766,7.23165,1.6630615,1.0918442,21,take off a hat/cap,2
S029C002P048R002A096.skeleton,12.933437,-42.79124,14.222352,-17.205597,1.9178134,-1.637924,1.331993,0.7178134,96,cross arms,2
S028C003P046R001A090.skeleton,7.831916,-18.586733,-6.1791477,-4.2178226,0.25635022,0.35384232,1.0389541,0.05226339,90,take object out of bag,3
S012C002P015R001A027.skeleton,-5.9795027,40.985416,15.61462,-25.394182,1.0938703,6.732919,0.057761755,-1.3456287,27,jump up,2
S017C003P008R001A055.skeleton,-10.996284,35.97164,-1.0842993,-3.6235595,1.3079635,7.4701567,-1.324647,-0.92132425,55,hugging,3
S012C001P025R002A016.skeleton,-23.483109,0.21615112,29.692831,14.376312,2.3544846,2.9383256,-2.7593884,-0.04206781,16,put on a shoe,1
S011C002P038R002A030.skeleton,24.122938,39.271233,-24.48661,-1.9352859,-2.2492797,6.035351,0.61365366,-1.0068808,30,type on a keyboard,2
S009C002P016R002A038.skeleton,-14.52282,-18.473946,-39.70729,-15.458296,2.2002854,0.71512187,1.9916854,1.7623509,38,salute,2
S028C002P073R002A075.skeleton,-13.068715,-42.833862,-16.313297,-13.5388365,2.4839435,-2.0496683,1.4414479,-2.2278414,75,cutting nails,2
S030C003P094R002A118.skeleton,-31.014648,6.083287,-26.554756,-15.255787,3.4103034,3.1368895,0.22765142,0.66771984,118,exchange things,3
S013C001P017R001A007.skeleton,-8.089207,-4.9185,-11.651881,40.176094,1.258594,2.2209175,0.16526611,0.28243545,7,throw,1
S005C003P004R002A019.skeleton,16.296267,29.742783,42.77338,-18.412926,-1.3866962,6.816825,0.60999435,0.24767669,19,take off glasses,3
S003C003P008R001A005.skeleton,-14.066632,-14.600298,-37.52608,-25.490683,2.1629498,0.7795823,-1.09475,-0.77927524,5,drop,3
S025C003P065R002A081.skeleton,-10.032445,48.536694,0.19061692,44.174145,1.0023911,8.307992,0.20354974,-0.6616041,81,toss a coin,3
S003C003P008R001A035.skeleton,40.4992,-1.8315792,-36.46834,-20.079489,-3.0634258,1.9048909,-4.759246,-0.108477116,35,nod head/bow,3
S032C001P043R001A095.skeleton,1.7596627,-40.37739,1.8629322,62.345318,1.3728712,-1.5175347,2.1666763,2.8235903,95,capitulate,1
S013C001P016R002A028.skeleton,-10.105497,-19.307528,-41.73223,5.264609,1.8087834,0.74113697,2.1835527,1.7421501,28,phone call,1
S019C001P048R002A062.skeleton,-29.537699,-35.896774,33.25071,-12.339304,2.9154856,-0.486264,2.0483186,1.3210202,62,take off headphone,1
S014C001P027R001A048.skeleton,17.649666,-26.474363,21.919806,-21.910456,-0.351203,-1.4087068,-1.1270132,-1.3190842,48,nausea/vomiting,1
S012C003P019R002A035.skeleton,19.293322,11.063506,-8.6358,16.001335,-2.052228,2.9461303,-4.8382154,-0.85921735,35,nod head/bow,3
S029C003P051R001A073.skeleton,4.986445,21.681005,-16.708542,2.3826103,-0.41695574,5.2236805,1.159836,-0.5487942,73,staple book,3
S029C003P088R001A066.skeleton,20.647854,17.95878,4.988041,73.9281,-1.0704526,6.4307003,2.6979384,-2.7634447,66,juggle table tennis ball,3
S021C003P059R002A062.skeleton,-38.695137,-0.014923564,11.008181,-33.458866,4.359059,3.3577158,1.8689235,0.17644054,62,take off headphone,3
S012C002P019R001A051.skeleton,-11.313586,38.268673,-0.0040967474,-3.5257163,1.3949832,7.4629035,-2.5788722,0.866874,51,kicking,2
S006C001P023R002A058.skeleton,10.422976,-12.512253,3.8791401,16.298157,-0.23536758,0.8073571,0.25517955,0.03418274,58,shaking hands,1
S019C001P047R002A068.skeleton,-33.15074,-34.214657,35.74126,-11.948154,0.9735325,-0.27023476,1.9627779,2.0672522,68,flick hair,1
S015C002P007R002A060.skeleton,23.018108,27.0098,39.39894,-7.928131,-2.0192833,6.8999543,-1.4077599,-0.85276896,60,walking apart,2
S018C001P043R001A062.skeleton,34.860928,29.34422,39.80057,-12.186994,-3.3298526,7.2614827,1.7888666,-0.14216135,62,take off headphone,1
S025C001P058R001A113.skeleton,12.617657,-20.96448,5.5032187,36.85553,-0.14641036,-1.0944735,1.2856306,1.0197923,113,cheers and drink,1
S030C002P095R001A081.skeleton,-17.065645,13.95134,-16.869457,38.9755,1.4994022,4.859038,0.631959,0.5961942,81,toss a coin,2
S005C002P021R001A046.skeleton,-13.868711,1.8628607,-41.01402,-13.821337,1.536565,3.4127922,-0.9763615,0.6913042,46,back pain,2
S028C001P048R002A118.skeleton,-10.803542,50.914787,-13.559724,-15.002077,1.0642442,8.580172,0.81945795,0.11316326,118,exchange things,1
S017C002P020R002A001.skeleton,-15.063229,-27.636614,40.923088,6.330354,2.4334958,-0.6196857,2.0987916,-1.1677301,1,drink water,2
S031C003P044R001A084.skeleton,-8.852064,-37.22489,-6.102577,-21.033403,1.9139026,-2.5626173,1.1127251,-3.2366307,84,play magic cube,3
S006C002P023R001A007.skeleton,-29.839558,45.2459,-12.383297,-31.647049,3.499899,8.119092,0.47185326,0.29329848,7,throw,2
S001C002P007R001A026.skeleton,20.708567,-21.866312,13.502764,-21.257921,-0.7335128,-1.7249018,-1.5469961,-0.583536,26,hopping,2
S023C003P062R002A080.skeleton,20.868599,10.471463,-7.9008107,33.659336,-2.035954,2.953047,-4.5721397,1.53334,80,squat down,3
S010C001P013R002A055.skeleton,-42.848038,4.146088,-36.01634,1.1771159,4.188784,3.5464127,-2.4534082,-0.7712108,55,hugging,1
S030C003P091R001A069.skeleton,-5.2278914,-16.594864,-15.338085,39.149864,1.4305987,0.8834274,1.5886397,1.6775721,69,thumb up,3
S030C001P011R002A092.skeleton,13.509649,2.6773427,-4.0423875,-10.789899,-0.7649802,2.2818253,-2.2042286,-0.7048813,92,move heavy objects,1
S018C003P008R001A117.skeleton,15.482981,1.7334427,18.760395,-17.804337,-0.8664337,2.1704574,-2.0199835,0.084047,117,whisper,3
S007C002P017R001A034.skeleton,-27.694374,35.99153,33.041424,-12.11817,2.74864,6.8778324,1.4295255,-0.77349675,34,rub two hands,2
S024C003P057R001A081.skeleton,4.5598845,-46.101044,0.82304174,18.492788,2.16018,-1.4576983,1.6826696,0.8863669,81,toss a coin,3
S023C002P061R002A117.skeleton,30.116617,-0.61155635,-3.7500126,46.597748,-2.753397,2.518355,-3.1128433,0.22310768,117,whisper,2
S014C001P027R001A004.skeleton,-1.3939209,-33.820835,39.18059,-3.9729073,0.7550404,-2.322648,1.3441696,0.34995997,4,brush hair,1
S029C003P048R002A066.skeleton,-13.667333,49.537228,-38.149353,-7.5336237,1.2923521,8.345174,1.0038075,0.3888676,66,juggle table tennis ball,3
S012C001P015R001A012.skeleton,20.556263,33.883793,14.309126,17.151033,-2.1257982,6.826945,0.28807724,-0.764942,12,writing,1
S009C003P016R002A028.skeleton,-30.581795,-4.01996,-35.308735,-13.698027,3.735359,3.5482686,-0.40386027,1.5709656,28,phone call,3
S030C003P075R001A117.skeleton,13.712211,7.12216,-32.854866,-24.326551,3.0206459,2.7840576,-2.3066344,0.116368525,117,whisper,3
S012C002P025R001A054.skeleton,-27.438725,39.7543,16.058275,-19.204205,2.9655976,7.377817,1.097547,0.8953349,54,point finger,2
S013C002P008R001A050.skeleton,-28.482428,-29.94737,39.525314,-11.8946,3.4406865,-0.11809633,-0.059867512,0.24511586,50,punch/slap,2
S021C003P058R001A117.skeleton,0.10855721,5.624485,10.295595,-34.59628,1.987847,3.4933302,-3.1198072,0.21890028,117,whisper,3
S029C002P044R002A084.skeleton,-8.866849,-37.20641,-3.174083,-20.694256,1.9302015,-2.556671,0.70368165,-3.274063,84,play magic cube,2
S026C002P074R002A071.skeleton,2.441764,-16.955975,-2.0666838,64.959496,0.6238135,0.66671526,0.8961938,1.3781503,71,make OK sign,2
S024C002P067R001A063.skeleton,28.32485,19.529593,5.9101663,72.72976,-2.6770988,7.682332,1.4290013,1.6853125,63,shoot at basket,2
S031C001P097R001A065.skeleton,14.106321,-33.031055,0.36379272,7.4747243,0.19651344,-1.4199742,0.6511165,-0.29180586,65,tennis bat swing,1
S003C003P016R001A042.skeleton,29.250444,-16.596529,-41.994347,-29.238108,-1.5965855,-0.46519494,-3.7058775,0.5119075,42,staggering,3
S020C003P053R001A089.skeleton,5.3599777,-2.047888,15.052405,20.263142,3.4448814,1.171563,0.583858,-2.8589568,89,put object into bag,3
S026C003P076R001A087.skeleton,24.344994,-27.325603,-23.966984,-15.561606,-0.08588179,-1.3280755,0.69388694,-0.033551484,87,put on bag,3
S002C001P009R001A035.skeleton,38.811287,-9.405294,-41.14327,-12.122863,-3.706576,1.2452961,-4.6731496,0.25901532,35,nod head/bow,1
S006C003P008R002A057.skeleton,-1.4222996,-27.402418,-24.266094,13.202886,0.46661174,-1.8608322,-0.038049042,0.14324856,57,touch pocket,3
S011C001P016R002A032.skeleton,25.409348,38.530247,-11.237203,13.04708,-2.2427676,6.1708074,1.9830856,0.9615146,32,taking a selfie,1
S028C001P041R001A072.skeleton,28.080727,19.109434,4.18727,73.48257,-2.4855156,7.6617346,0.14258115,1.050982,72,make victory sign,1
S024C002P061R002A094.skeleton,-2.6596687,-14.807929,4.459997,59.582172,1.6365397,0.9046228,-0.54254496,-0.3594474,94,throw up cap/hat,2
S023C002P062R002A063.skeleton,26.661287,32.533627,1.2520181,60.99215,-2.9543915,7.0893264,1.1652728,0.4401613,63,shoot at basket,2
S027C001P080R001A063.skeleton,12.935503,-36.99083,17.847204,18.446693,0.88647574,-2.0259044,1.0458285,-2.726754,63,shoot at basket,1
S032C002P102R001A075.skeleton,-10.297099,34.888298,-24.542067,-23.079714,1.2783928,7.381444,-0.49545956,-1.5573026,75,cutting nails,2
S019C003P048R001A098.skeleton,3.3365116,-47.09554,31.524681,5.2742286,1.8444263,-1.0325029,2.1275315,3.2255917,98,arm swings,3
S015C002P017R002A039.skeleton,-10.92896,10.808497,8.133801,-18.191736,0.30971032,4.3507977,1.4409173,0.048509132,39,put palms together,2
S006C001P007R002A053.skeleton,-28.668684,39.3235,-44.91355,-16.830824,3.0526874,7.286007,-0.51028025,-0.46716648,53,pat on back,1
S031C002P041R002A063.skeleton,24.488413,-35.53397,-1.3092843,46.092056,1.2763543,-0.9247077,1.2552232,2.1679025,63,shoot at basket,2
S001C001P006R001A005.skeleton,16.447147,-38.072067,38.46106,8.325569,0.4354858,-0.7440832,0.4267732,0.21937379,5,drop,1
S015C001P025R001A019.skeleton,26.330864,40.76078,17.65641,6.5805755,-2.4068425,6.2325845,0.07592785,-0.6966744,19,take off glasses,1
S001C002P002R002A036.skeleton,35.512054,31.079756,18.501911,-0.56235045,-3.4450555,7.3190174,1.0142862,-0.1349128,36,shake head,2
S029C002P075R001A101.skeleton,-11.9558525,37.915398,-5.053646,-19.522669,1.3936285,7.3713164,-2.1191118,-0.34878573,101,cross toe touch,2
S007C001P025R001A007.skeleton,4.417643,16.315342,23.660091,-23.456112,-0.46784166,5.199066,0.673397,1.3622153,7,throw,1
S002C003P007R002A058.skeleton,11.705186,-16.118181,-21.041925,5.0231004,-0.18092842,0.55760884,1.0958453,1.3961927,58,shaking hands,3
S032C003P067R001A092.skeleton,38.613186,-5.9000506,4.4679136,-16.233284,-3.320175,1.6133953,-5.2241406,3.5594864,92,move heavy objects,3
S011C003P038R001A051.skeleton,-11.943749,2.9531996,-1.9185373,-6.2788105,1.3795917,3.665035,-0.6472603,0.43117166,51,kicking,3
S024C001P057R002A115.skeleton,26.761211,20.05317,2.7025514,73.16174,-2.365849,7.664636,-0.35221982,2.5179207,115,take a photo,1
S030C002P092R002A066.skeleton,4.7979307,-19.102745,-12.330263,-11.798066,0.89472926,0.50951445,0.71389747,-0.42646587,66,juggle table tennis ball,2
S031C003P051R001A108.skeleton,21.239141,-17.24708,-31.061897,-30.742151,-1.1572225,-0.9305546,-1.3225231,0.05889921,108,knock over,3
S029C002P049R002A113.skeleton,-4.11319,8.002175,-1.7376311,64.06719,1.3059578,4.2565494,-0.8183216,0.3715726,113,cheers and drink,2
S007C002P008R001A003.skeleton,16.062044,-23.550566,27.103163,-0.9623766,-0.5511603,-1.1582274,0.31375912,0.65781736,3,brush teeth,2
S007C002P015R002A039.skeleton,-18.861557,-16.94836,-12.212816,-27.626102,2.5978036,1.0060114,1.5326688,-0.1386632,39,put palms together,2
S026C002P074R001A109.skeleton,4.0576825,-36.91286,2.6033747,45.410465,0.8773236,-1.5059516,0.34236875,0.3008865,109,grab stuff,2
S008C001P031R002A013.skeleton,-20.440683,-41.350586,29.621931,-5.3237257,3.1630661,-1.8918142,1.4864997,-2.4915993,13,tear up paper,1
S010C003P017R001A046.skeleton,9.685445,18.417948,-10.453809,-2.9838452,-0.7424307,5.183866,1.4780554,-0.3798794,46,back pain,3
S022C002P066R002A106.skeleton,-24.69832,43.163143,-15.364818,41.498634,2.9160292,7.8906474,-0.13478643,0.2323997,106,hit with object,2
S020C001P054R001A108.skeleton,25.518597,-23.390772,22.139841,11.015472,-0.64690304,-1.6462524,-0.25532758,0.3182299,108,knock over,1
S028C001P087R001A107.skeleton,22.321297,-11.560753,2.5111568,69.29798,-1.795473,-1.7024223,-0.15542758,1.0959194,107,wield knife,1
S032C002P044R002A104.skeleton,26.499125,-36.270405,8.942874,-22.110977,1.4139832,-0.72303784,0.14301723,2.1443882,104,stretch oneself,2
S032C002P106R002A064.skeleton,2.5722358,-18.851658,20.752201,-15.409803,0.6678843,0.24512981,-0.32279903,-0.044226468,64,bounce ball,2
S019C001P041R001A074.skeleton,31.607346,-30.015902,25.077423,-10.988263,-1.1282785,0.6606493,0.37632442,-0.6197234,74,counting money,1
S001C003P004R002A024.skeleton,-28.88571,-8.950638,4.317193,-29.647715,2.9151077,2.5383167,-1.7742527,0.4084082,24,kicking something,3
S018C002P043R001A094.skeleton,-18.609316,18.237503,16.589384,-23.553358,1.872291,4.783162,0.9832,1.6506555,94,throw up cap/hat,2
S032C001P044R002A095.skeleton,22.98945,-9.236286,3.1090984,69.69242,-1.9264845,-1.7595398,0.9388847,2.6596813,95,capitulate,1
S032C002P043R002A067.skeleton,20.948477,-10.818909,2.9313684,69.926094,-1.8405585,-1.7257001,1.19882,1.4955587,67,hush,2
S020C001P054R001A113.skeleton,17.315952,-37.932804,28.006117,15.568001,0.40983456,-0.74673355,1.334232,-0.89071226,113,cheers and drink,1
S007C002P027R001A025.skeleton,-22.317255,20.87294,28.249346,-9.527861,2.1678762,5.4997272,0.27274773,0.7937302,25,reach into pocket,2
S028C003P041R001A069.skeleton,43.14998,31.144075,5.882098,63.595654,-4.227362,7.188921,0.7393701,-1.1449938,69,thumb up,3
S028C002P008R001A079.skeleton,-21.622143,23.023483,-21.279465,-30.572832,2.1686938,5.6916122,1.4115645,0.68435633,79,sniff/smell,2
S029C001P067R002A096.skeleton,-9.846095,-30.565584,-23.55131,41.950264,2.6663465,-0.9802602,1.5247401,0.56046224,96,cross arms,1
S001C003P001R001A023.skeleton,22.245543,36.579838,25.604755,-24.216923,-2.372762,6.3880653,0.75273186,0.46517816,23,hand waving,3
S008C003P032R001A056.skeleton,-3.8824465,-10.948845,45.94372,-12.511018,0.81883144,1.6266361,0.6296178,0.11966111,56,giving object,3
S012C002P028R001A028.skeleton,-19.00875,27.189037,42.28055,4.696954,1.8225856,6.5277123,1.7840195,-0.56496763,28,phone call,2
S031C002P085R001A087.skeleton,17.507158,28.000694,-7.754618,26.927563,-1.3789531,6.874271,0.7681174,0.9336923,87,put on bag,2
S024C001P060R001A069.skeleton,21.752195,-10.9876375,4.155183,72.57711,-1.8834296,-1.7421712,1.1895611,1.293085,69,thumb up,1
S019C003P050R002A090.skeleton,-36.13147,5.116342,16.631205,17.028069,3.8262732,3.1533241,0.48891184,-0.9265124,90,take object out of bag,3
S025C001P065R001A102.skeleton,-4.6145883,5.300915,3.971619,70.47328,1.2282294,4.046354,-0.59784615,1.6716919,102,side kick,1
S003C003P017R002A032.skeleton,-4.0508976,37.202736,-44.832382,7.5480804,1.1292399,6.8073087,0.108830094,-1.0320307,32,taking a selfie,3
S032C002P044R002A070.skeleton,21.519089,-10.509623,3.5084028,69.70604,-1.8993782,-1.7726336,1.142553,1.8829739,70,thumb down,2
S031C003P097R002A100.skeleton,-40.91332,0.7810157,-6.77585,-18.432432,4.395085,3.536521,-1.7399478,0.274009,100,butt kicks,3
S030C003P041R001A102.skeleton,28.60412,-21.217459,1.6184812,-0.5129858,-1.2331218,-0.66033876,-3.1770866,0.9025836,102,side kick,3
S027C003P044R002A100.skeleton,-37.037495,0.7115408,16.70264,1.7215271,4.2392473,3.2997925,-0.8742776,-0.44984236,100,butt kicks,3
S022C002P062R001A104.skeleton,-27.846313,45.99456,48.49442,-6.1515837,3.526679,8.211079,-0.015152216,0.3298905,104,stretch oneself,2
S013C001P018R001A049.skeleton,29.4774,32.142178,14.46396,21.140306,-2.6169305,7.408558,1.0052207,-0.6020298,49,fan self,1
S026C001P072R001A109.skeleton,17.560585,-24.429459,-2.6314833,48.967403,-0.67942667,-1.1811159,-1.3613226,-1.1111612,109,grab stuff,1
S030C003P011R001A073.skeleton,-16.33303,-34.72614,-5.11428,-1.0376264,2.6899538,-1.3188345,1.7853055,-2.0034628,73,staple book,3
S023C003P060R001A077.skeleton,7.9912257,-29.373608,30.172678,18.06704,0.8161618,-0.15177558,0.96237344,0.8431206,77,snap fingers,3
S018C001P044R001A117.skeleton,-16.844805,22.426035,23.875458,-23.544071,1.7095844,5.547128,-1.0180038,0.66480786,117,whisper,1
S017C003P003R002A034.skeleton,-31.276491,-0.60981506,34.223206,8.472725,3.5681589,3.3445733,1.9306164,-0.85841906,34,rub two hands,3
S024C003P060R001A117.skeleton,35.88061,-27.322138,0.17804824,18.332169,-1.5668181,0.86844397,-2.4656308,0.19950318,117,whisper,3
S024C001P060R001A120.skeleton,5.58156,32.382263,-6.580677,28.473698,-0.4318217,6.7345643,0.8278036,0.43980074,120,rock-paper-scissors,1
S011C001P007R001A043.skeleton,35.690704,-7.2416015,-17.618391,-22.306011,-3.4374819,1.567866,-5.7219095,1.8679276,43,falling down,1
S029C001P051R002A089.skeleton,6.3164,2.5721328,-19.291718,10.860023,3.8394551,1.9025795,0.52342594,-2.0148375,89,put object into bag,1
S018C001P041R001A090.skeleton,19.779207,-32.518005,25.010027,-20.681995,-0.5770381,-0.13337342,-2.9783812,-0.051957678,90,take object out of bag,1
S027C003P006R001A105.skeleton,16.869848,-40.487904,15.606369,2.8455346,0.5619286,-0.6521983,1.3723453,1.2191641,105,blow nose,3
S031C001P085R002A097.skeleton,-29.108849,-38.624847,-16.129126,-10.853624,2.6962986,-0.45980895,2.1726217,3.3004029,97,arm circles,1
S029C001P051R001A083.skeleton,-11.5597515,-32.35077,-20.023706,11.861516,1.4575725,-1.7453935,1.1135486,-2.5592303,83,ball up paper,1
S020C002P041R002A062.skeleton,37.317688,29.26825,21.073462,-10.090724,-3.5625978,7.112984,2.239867,1.2856191,62,take off headphone,2
S028C001P073R002A063.skeleton,29.954361,-35.632782,0.8535054,-2.1932647,-0.92566603,0.37109098,-0.28348047,1.1879035,63,shoot at basket,1
S026C002P076R001A078.skeleton,-29.45296,42.532547,-14.407892,-15.226959,3.2569203,7.6732144,0.9621002,-0.114657,78,open bottle,2
S029C003P075R002A089.skeleton,-7.1632466,41.05971,-37.77404,8.339937,1.1580094,6.8738127,1.2634517,0.32923594,89,put object into bag,3
S032C003P067R002A116.skeleton,-41.699333,0.15005343,-7.6696877,-4.7031617,4.4215508,3.4439597,-0.5706569,0.28787905,116,follow,3
S006C001P007R001A005.skeleton,14.381288,-34.570194,21.028614,-20.474798,0.1096372,-1.2822893,-1.7718905,-0.012766463,5,drop,1
S021C001P058R002A091.skeleton,14.676146,-1.9952377,-12.856768,-32.08148,-0.613686,1.9207168,1.2052879,-1.362709,91,open a box,1
S014C001P025R001A004.skeleton,31.002623,29.029945,43.888184,5.1491065,-2.9109776,7.4368086,1.6058313,-0.23427464,4,brush hair,1
S029C002P089R001A101.skeleton,12.108456,33.596577,50.785606,-7.1308026,1.0984354,6.5431304,-2.828268,0.05045551,101,cross toe touch,2
S026C001P075R001A089.skeleton,-25.911003,32.54853,-31.242947,-23.669466,2.4265277,6.5987167,0.84844863,-0.015462339,89,put object into bag,1
S027C001P043R002A097.skeleton,7.586593,-17.76325,15.520438,19.100525,0.32293564,0.48364872,0.90923077,1.9834807,97,arm circles,1
S019C003P042R001A069.skeleton,30.567259,29.639368,13.921613,15.298923,-2.914149,7.4502373,1.1447154,0.016735613,69,thumb up,3
S011C002P027R001A020.skeleton,-29.424374,38.42202,-40.078613,-10.657017,2.989044,7.1661406,0.69257534,-0.2336719,20,put on a hat/cap,2
S026C002P051R002A086.skeleton,-13.249474,-38.71545,-35.384968,-3.3441253,2.6616309,-2.0196211,1.503977,-2.9874134,86,apply cream on hand,2
S011C001P002R002A005.skeleton,-26.119253,-13.403848,9.790878,-18.364765,2.1660976,1.7725459,0.5041988,0.5704621,5,drop,1
S012C003P007R001A030.skeleton,-11.411625,-43.074226,33.5032,3.854437,2.5040085,-2.2900927,0.9245391,-1.3796004,30,type on a keyboard,3
S008C002P001R002A014.skeleton,4.419391,-4.4725823,44.992805,-7.8674817,3.4538128,1.6693312,0.084504545,-0.77408385,14,put on jacket,2
S026C002P049R001A073.skeleton,-1.6180357,-37.22489,-36.04494,-14.770616,1.1834471,-2.145792,1.3042941,-1.688237,73,staple book,2
S009C003P025R002A042.skeleton,-33.438194,4.0855613,-37.156742,-0.4861282,3.6635842,2.8908157,-0.30870432,-0.006594099,42,staggering,3
S023C003P059R002A068.skeleton,-29.339643,-4.289272,21.580425,17.436731,2.9770348,2.9998147,0.46794245,0.76341945,68,flick hair,3
S030C001P043R001A097.skeleton,3.3680089,-41.455627,-12.295694,2.5749655,1.3099632,-1.5629727,1.7215941,2.7273033,97,arm circles,1
S006C002P017R002A018.skeleton,-16.032368,-0.8231658,-14.958891,-30.451187,1.9778961,2.6844995,1.0964413,0.044247456,18,put on glasses,2
S023C002P067R001A065.skeleton,27.831242,19.549213,5.7324886,71.70624,-2.5399344,7.702505,-0.32854515,1.4445632,65,tennis bat swing,2
S012C002P018R001A056.skeleton,-12.407396,18.724934,-4.815625,22.226023,1.1636565,5.2833185,1.3040609,-0.24313326,56,giving object,2
S010C001P008R001A028.skeleton,28.413872,27.576263,-8.660373,-19.500967,-2.8571577,7.091389,0.09698266,-1.4312687,28,phone call,1
S015C003P015R002A057.skeleton,-20.01691,13.910034,-9.284835,24.035984,1.5539623,6.284671,0.16266946,0.6811492,57,touch pocket,3
S006C002P016R001A058.skeleton,7.897083,20.272451,-32.05109,-35.314106,-0.67210364,5.256124,-0.5908214,-1.0024816,58,shaking hands,2
S028C002P073R002A062.skeleton,1.7183268,-47.127502,-14.656945,-11.985894,1.8272632,-0.9716321,2.2730024,1.7977313,62,take off headphone,2
S027C001P041R002A105.skeleton,14.907128,1.1105869,16.698936,19.889017,-0.7968965,2.1857285,-1.1004262,0.26082537,105,blow nose,1
S032C002P008R001A077.skeleton,-28.91476,38.147503,7.6712613,-17.004923,2.999499,7.122859,0.98996055,-0.5918341,77,snap fingers,2
S023C002P057R001A118.skeleton,-28.785301,43.047375,-14.187814,-3.2692819,3.2625372,7.712771,-0.40923917,-0.10013628,118,exchange things,2
S002C003P009R001A022.skeleton,1.982919,-49.251846,-44.415195,-17.07954,1.8107805,-0.9412033,1.4355315,3.4619234,22,cheer up,3
S030C001P091R001A095.skeleton,-16.038902,-2.4152036,-14.656429,-0.55341864,2.038484,2.5880747,1.2554158,3.645287,95,capitulate,1
S017C003P009R002A022.skeleton,3.5899627,41.701153,9.144732,2.5794268,-0.19874983,7.1685195,1.1044912,0.027933061,22,cheer up,3
S021C003P058R002A094.skeleton,-40.0864,-3.3787885,13.601238,-33.833115,4.384822,3.0353794,0.6465399,1.9775949,94,throw up cap/hat,3
S016C003P039R002A012.skeleton,-3.8989596,37.877388,48.384697,2.488473,1.0247456,6.708787,1.1472945,0.30763623,12,writing,3
S013C003P008R001A008.skeleton,17.594038,-14.823479,3.2257612,-11.680865,-0.83447486,-0.095103815,-2.3850706,-1.2683575,8,sit down,3
S029C001P090R002A075.skeleton,-34.266098,-6.7635174,-19.089245,6.840583,2.8136656,2.51233,1.6473801,-1.3337598,75,cutting nails,1
S026C002P075R001A107.skeleton,-12.069643,36.5443,-43.93573,-12.254484,1.3710896,7.4397173,-1.9169025,0.42301723,107,wield knife,2
S031C001P043R002A110.skeleton,18.972963,-10.99369,2.2141728,67.184784,-1.6251595,-1.6612703,0.046936385,1.4290628,110,shoot with gun,1
S032C001P102R002A072.skeleton,-18.160114,1.539325,-17.646536,-24.061174,2.2990112,2.7818527,-0.5149674,0.17341943,72,make victory sign,1
S026C002P071R001A086.skeleton,-25.449574,26.074041,-38.88107,-10.419488,2.373892,5.9268875,0.8364497,-1.4473268,86,apply cream on hand,2
S026C001P008R002A090.skeleton,29.32504,39.6253,-16.728981,-29.082035,-2.75369,6.593594,0.016884211,-1.732987,90,take object out of bag,1
S012C002P008R001A028.skeleton,21.569834,39.312317,30.408075,18.847546,-2.4246259,6.317599,0.49275064,-0.5973517,28,phone call,2
S031C003P006R001A097.skeleton,4.8157935,-50.50273,-1.8510122,-19.858799,1.5004146,-1.0604244,1.7202383,2.9713528,97,arm circles,3
S032C001P008R002A109.skeleton,-17.945787,4.1499186,-22.63967,39.74662,2.0826778,3.0787823,-0.70974165,0.07228327,109,grab stuff,1
S029C003P049R002A101.skeleton,33.199062,0.7011046,-14.38143,6.08874,-2.8148363,2.4447205,-4.5522614,1.0605385,101,cross toe touch,3
S010C002P015R002A041.skeleton,-7.996997,-7.8551025,-27.903475,-18.793695,1.2569524,2.0522316,0.65930235,-0.36174485,41,sneeze/cough,2
S013C002P015R002A029.skeleton,-19.703045,-18.227617,-14.279868,-27.212574,2.5679963,0.9297395,2.3440745,-0.9578642,29,play with phone/tablet,2
S004C002P020R002A025.skeleton,-25.826529,-32.356895,24.600883,-23.791906,3.322695,-0.23524487,-0.40584219,-1.1513475,25,reach into pocket,2
S021C001P058R002A104.skeleton,-27.489971,-37.514156,38.36846,-11.074371,2.7302039,-0.40497285,2.229794,3.130454,104,stretch oneself,1
S021C002P056R002A091.skeleton,-1.5093668,-5.796585,-12.885957,15.8157,0.78660095,1.6277837,0.28143927,-0.8927938,91,open a box,2
S017C002P009R001A019.skeleton,29.359673,30.31304,45.35354,7.165616,-2.7398305,7.3883486,0.7076085,-0.5715537,19,take off glasses,2
S032C003P102R002A091.skeleton,-7.3362374,45.33039,-21.237598,14.183458,0.82356435,7.75676,-0.8939745,-1.5100363,91,open a box,3
S031C003P097R001A087.skeleton,8.308478,0.96230245,-1.7358536,-5.124096,3.672331,1.3934832,0.7414286,-1.2682792,87,put on bag,3
S031C002P097R002A073.skeleton,-11.676254,-41.553585,-0.2161154,-1.9245465,2.4066722,-2.0717819,2.4619417,-1.1024836,73,staple book,2
S022C001P067R001A081.skeleton,12.512229,-20.85015,3.6556823,59.851357,0.14182918,-1.6719723,1.0821981,0.7148663,81,toss a coin,1
S010C003P018R001A058.skeleton,-3.6818957,-7.713331,4.5514627,16.31324,0.7530546,1.7659805,-0.123586595,0.0605522,58,shaking hands,3
S001C002P008R002A032.skeleton,10.848761,-13.127499,-9.858533,-23.288673,-0.2529839,0.7525362,1.1398991,1.161112,32,taking a selfie,2
S026C001P008R002A071.skeleton,38.460155,36.50386,-33.300213,-19.610176,-3.8445892,7.707216,2.2440321,0.78364956,71,make OK sign,1
S006C002P023R001A001.skeleton,-25.082262,22.560135,17.348387,-30.236822,2.3287575,5.4075813,1.9128603,-0.1777432,1,drink water,2
S030C001P088R001A077.skeleton,8.548261,-34.492615,-12.490698,2.7960868,0.53784215,-0.9799138,1.617382,1.4393826,77,snap fingers,1
S027C001P041R002A102.skeleton,16.772255,1.7550406,17.525822,19.40972,-0.8740745,2.1618702,-3.2606573,-0.7677233,102,side kick,1
S032C001P043R001A064.skeleton,36.8636,-9.569407,8.537142,-17.53365,-3.6693208,1.2163584,-1.5575589,-0.9853708,64,bounce ball,1
S016C001P040R001A022.skeleton,10.731428,-22.574858,24.181086,-20.068264,0.63427246,1.4348818,1.1932694,2.4401317,22,cheer up,1
S030C002P085R001A062.skeleton,-9.083337,18.061216,-14.733059,-1.4979572,0.86072785,5.0253186,1.4125684,0.68251234,62,take off headphone,2
S003C001P017R002A017.skeleton,33.997017,3.175134,-44.18172,10.278212,-2.6370637,2.3234599,-4.54745,1.3333558,17,take off a shoe,1
S026C001P072R002A110.skeleton,18.376913,-11.061891,-1.9600315,63.92315,-0.45202756,-0.941581,-0.16646916,1.4214083,110,shoot with gun,1
S007C003P008R002A011.skeleton,-6.3775907,28.666832,-11.455781,-9.496037,4.402482,8.75401,2.7812946,-1.6818396,11,reading,3
S030C001P048R002A105.skeleton,8.089372,-26.818905,-15.76716,3.0013897,0.54827046,-0.23391256,1.3065244,0.8114145,105,blow nose,1
S007C003P016R001A050.skeleton,-4.514038,-3.2856863,-9.109172,18.641544,0.7955754,2.404559,-0.16219816,0.5130706,50,punch/slap,3
S016C002P021R001A009.skeleton,32.59173,21.572372,45.39933,5.597204,-3.167905,6.318324,-3.4324439,-6.5218515,9,stand up,2
S008C001P001R002A025.skeleton,-24.219706,-2.4041562,33.455605,-9.5182085,2.280465,3.0032458,-1.4439514,-0.48965967,25,reach into pocket,1
S014C003P007R002A055.skeleton,31.890253,-4.1916337,19.735168,-19.68612,-3.25123,2.0677214,-4.0057077,3.1010637,55,hugging,3
S011C001P017R002A038.skeleton,-24.062006,-9.628679,-29.10641,-11.053277,2.4694848,2.0480802,2.6398277,2.5678418,38,salute,1
S012C001P025R002A055.skeleton,33.364307,-27.448038,7.783126,6.274824,-1.3543541,0.86541057,-1.1646765,0.49172208,55,hugging,1
S011C002P015R001A036.skeleton,-22.513002,36.95014,-13.131779,-19.927313,1.6793462,6.9961457,1.3868335,-0.54621994,36,shake head,2
S012C003P018R002A058.skeleton,-10.369699,15.507361,30.762403,21.170668,0.72571385,4.7915106,1.4289751,-0.71698624,58,shaking hands,3
S011C003P019R002A012.skeleton,-11.577876,50.076275,3.0770133,15.41768,1.1194646,8.524758,1.225235,-0.2508089,12,writing,3
S028C002P046R001A079.skeleton,10.29297,-39.33445,-13.624722,-12.908729,1.019965,-1.8433324,1.3469712,0.15219447,79,sniff/smell,2
S032C002P103R002A063.skeleton,0.28303492,-50.275574,12.170639,-21.559265,1.6705327,-0.7800904,2.7233875,2.6149595,63,shoot at basket,2
S009C003P008R001A056.skeleton,-7.682772,51.57028,-36.346634,-30.861303,0.6758375,8.784207,0.25695363,-0.013010126,56,giving object,3
S030C002P088R001A086.skeleton,-28.93269,36.133408,-14.848512,-6.408436,2.8139539,6.8527093,0.50089043,-0.48900467,86,apply cream on hand,2
S014C002P017R002A037.skeleton,5.060749,18.885334,38.352547,4.8617473,-0.6736549,5.3625264,1.3058261,-0.67432827,37,wipe face,2
S023C003P060R001A092.skeleton,39.5636,-3.2073917,29.25859,16.816935,-3.1531625,1.7415215,-4.7239914,2.0032847,92,move heavy objects,3
S020C001P044R002A063.skeleton,35.81486,-27.750456,32.725918,3.4116194,-1.444557,0.8349054,-1.0642719,0.83304334,63,shoot at basket,1
S027C001P080R001A112.skeleton,13.145683,-9.39077,2.7206337,60.429115,-0.6169873,0.96874034,0.22626036,1.8033191,112,high-five,1
S030C001P067R002A094.skeleton,22.281115,-10.26167,4.3522305,73.67223,-1.9481916,-1.783363,0.683164,0.9867039,94,throw up cap/hat,1
S021C003P059R002A083.skeleton,-3.4276407,51.731987,12.771337,-33.756138,0.28388026,9.123272,1.1684655,-0.69544864,83,ball up paper,3
S032C003P067R001A083.skeleton,-12.64597,-46.164368,-8.805755,-4.854541,2.7469332,-2.5189493,1.4172709,-2.53445,83,ball up paper,3
S014C002P037R001A048.skeleton,-27.990627,45.022385,39.566532,-4.575559,3.391795,8.020129,0.4665897,0.46385026,48,nausea/vomiting,2
S005C001P016R002A005.skeleton,-21.383936,-0.6142402,-22.496803,15.493125,2.5309927,2.979661,-2.2600904,-0.51337326,5,drop,1
S026C001P050R001A087.skeleton,19.426065,35.41967,-15.008756,-26.08614,-2.0775228,6.6045446,0.73247564,-0.104365185,87,put on bag,1
S005C003P015R002A014.skeleton,-9.743208,45.045433,17.871967,-18.759132,0.96674174,8.082398,0.93383926,-0.79981863,14,put on jacket,3
S010C003P018R001A056.skeleton,-3.6998389,-7.516316,4.8101482,16.580214,0.79423034,1.8380629,0.049402416,0.5883512,56,giving object,3
S030C001P043R001A108.skeleton,22.783937,-12.7149105,-0.75963235,63.40396,-1.5272728,-1.6137725,-0.48308945,0.24771096,108,knock over,1
S011C002P016R002A042.skeleton,23.151674,5.729387,-40.900803,6.3087153,-1.6625309,2.1067932,-4.9345965,-0.921219,42,staggering,2
S006C001P015R001A047.skeleton,-6.793411,14.536669,8.34559,-1.7958183,0.2377317,4.6747956,1.9240701,0.69358134,47,neck pain,1
S005C002P013R001A037.skeleton,-24.786716,21.202902,-27.491604,-31.751371,2.3867419,5.381705,1.2239999,0.6754543,37,wipe face,2
S013C003P027R002A052.skeleton,-5.757558,-1.6071929,-7.6260953,22.730967,0.9079896,2.6330612,-0.6162109,-1.055203,52,pushing,3
S007C002P007R002A052.skeleton,-17.385008,35.224968,-11.992422,14.173548,2.0352037,8.159082,-1.6051724,0.017337224,52,pushing,2
S024C002P064R002A104.skeleton,-1.5225939,-48.07015,43.501087,-16.312954,2.0687873,-0.68852645,2.613653,3.8112192,104,stretch oneself,2
S008C002P032R001A014.skeleton,-25.986963,32.534657,49.29964,-5.277157,2.5333087,6.6702085,0.23090208,0.091197856,14,put on jacket,2
S028C002P073R002A080.skeleton,40.477074,-4.214926,-27.03492,-9.902845,-3.290813,1.747774,-6.7110925,2.2558477,80,squat down,2
S026C001P070R002A068.skeleton,-20.859505,-12.789939,-26.823666,-22.76487,2.4126413,1.730546,2.7279952,1.812302,68,flick hair,1
S001C001P006R001A036.skeleton,7.503169,-39.800793,34.09139,8.906329,0.947798,-1.6444308,-0.046539724,0.13311887,36,shake head,1
S007C001P015R001A031.skeleton,21.724586,37.23896,12.374008,13.895338,-2.4919713,6.3804216,0.480824,0.30612934,31,point to something,1
S030C003P081R002A107.skeleton,4.7092457,22.067186,40.498985,9.483688,-0.27055556,5.2076077,0.87772983,0.39898703,107,wield knife,3
S011C001P001R002A043.skeleton,22.163279,8.944908,-39.020817,11.937947,-1.8196636,2.8803222,-5.854331,1.4589094,43,falling down,1
S030C001P096R001A071.skeleton,8.354276,-35.186813,-2.0825777,47.763466,0.56985,-1.2814294,2.1941535,1.7632413,71,make OK sign,1
S031C001P099R001A079.skeleton,0.73779213,-35.27457,8.435519,-18.923141,1.0867547,-2.1011543,0.47753495,-0.64192545,79,sniff/smell,1
S003C001P016R001A030.skeleton,-8.875244,3.4551432,-34.437393,-20.775454,0.9379597,3.4402466,0.29791093,-0.14425528,30,type on a keyboard,1
S025C001P065R001A119.skeleton,36.420795,-21.05529,39.28282,0.15296638,-1.9422718,0.62903666,-2.8567624,-0.8845185,119,support somebody,1
S017C001P003R002A022.skeleton,-26.344584,-36.431675,21.725447,-20.724415,2.785553,-0.113981344,2.0840967,2.6235301,22,cheer up,1
S011C002P017R001A030.skeleton,17.233309,38.22243,21.51299,-9.804546,-1.9736594,6.6478767,0.82614785,-1.6380711,30,type on a keyboard,2
S003C003P016R002A052.skeleton,-9.349441,45.06227,-45.23441,8.068476,0.9068432,7.8981657,0.17133215,-1.0188994,52,pushing,3
S026C002P076R002A078.skeleton,12.392046,-37.17669,-22.997108,-12.831663,0.8717135,-1.7477057,1.632649,-1.2286562,78,open bottle,2
S022C001P064R002A098.skeleton,5.3667297,-15.75924,-9.994812,3.549783,0.48055038,0.5391474,1.7298939,3.1033428,98,arm swings,1
S027C002P085R002A105.skeleton,4.509868,-46.74536,16.641691,4.9673376,1.7455506,-1.2264572,1.5812759,2.1395571,105,blow nose,2
S023C003P056R002A080.skeleton,-12.806809,45.33202,21.46519,13.9942255,1.0868431,8.146703,-2.638247,0.810945,80,squat down,3
S027C001P080R002A097.skeleton,-27.885082,-37.214184,15.391474,17.919128,2.7859461,-0.3800503,2.271266,3.0704837,97,arm circles,1
S016C003P019R002A010.skeleton,-31.233309,0.6691928,44.6895,6.73287,3.5147662,3.1870236,1.121517,-1.546183,10,clapping,3
S018C001P043R002A089.skeleton,-17.706038,-43.436916,20.357485,-28.358654,2.8458786,-2.230866,0.5321122,-3.6871612,89,put object into bag,1
S025C002P059R001A119.skeleton,22.196335,-21.361343,42.234344,-11.90808,-0.8227759,-1.7496356,-1.0821003,-0.7013388,119,support somebody,2
S004C002P008R002A006.skeleton,38.005615,-5.6776247,-13.035873,-23.036062,-3.3866966,1.603047,-7.1868978,3.2793055,6,pick up,2
S030C003P085R001A074.skeleton,19.637058,-38.180656,-9.618332,-4.9262705,2.622335,-2.3655415,1.3999699,-2.4512768,74,counting money,3
S031C001P100R001A072.skeleton,8.148204,-35.360123,-13.259472,-20.777975,0.5794887,-1.3104264,1.7854003,1.6901959,72,make victory sign,1
S029C001P075R001A061.skeleton,-15.491233,-4.0677166,-19.144201,10.736327,1.900611,2.418842,1.7069561,-0.30233696,61,put on headphone,1
S001C002P003R001A054.skeleton,-20.080917,21.235447,-0.5055315,-4.7463655,1.8779645,5.4657555,0.99348867,1.9003633,54,point finger,2
S032C002P044R002A103.skeleton,7.3206224,-31.371798,-0.20705788,45.94317,0.90884143,-0.4307647,1.457092,2.3521764,103,yawn,2
S010C001P021R002A010.skeleton,37.481987,27.779356,-27.70427,-7.9436393,-3.637795,7.0071993,1.5027084,-0.40845898,10,clapping,1
S017C003P016R002A008.skeleton,-12.820502,43.939205,-1.3516644,-9.721196,1.0572455,7.9078064,-4.1408577,1.1726964,8,sit down,3
S011C001P002R002A043.skeleton,21.738508,8.780454,-28.817904,-0.6095066,-1.9510707,2.837783,-6.518098,3.0528846,43,falling down,1
S008C002P015R001A017.skeleton,17.114899,35.219704,15.855892,-35.148796,-1.7389953,6.6442084,0.77328604,-0.05121213,17,take off a shoe,2
S018C002P042R001A070.skeleton,-7.6029043,29.678308,17.431118,-21.24609,4.255532,8.644527,0.8706946,-0.66016376,70,thumb down,2
S031C003P098R001A076.skeleton,-6.470661,-38.83272,-6.1825867,-11.412314,1.6002825,-2.3107014,1.1625613,-1.6737156,76,cutting paper,3
S004C001P008R001A006.skeleton,38.24142,-8.288831,-0.94060266,-6.8508654,-3.6141186,1.3345617,-4.8839717,0.80258524,6,pick up,1
S020C003P008R001A082.skeleton,-16.834198,-33.955986,16.72085,18.375063,2.7768095,-1.3581206,1.0602118,-2.6780162,82,fold paper,3
S029C002P041R002A064.skeleton,37.826977,24.791553,14.772679,0.20695478,-3.659684,6.672735,-2.2459524,-4.0865974,64,bounce ball,2
S014C002P025R001A031.skeleton,-16.240345,12.938865,41.10636,3.232546,1.5015423,4.5432787,0.5179304,1.120863,31,point to something,2
S029C003P041R002A089.skeleton,-35.529785,6.074101,-16.308704,-3.4499602,3.8633902,2.4316611,-0.35817868,-0.4121217,89,put object into bag,3
S031C003P006R002A080.skeleton,-6.6228848,48.43704,-30.141455,-6.2113185,0.65492964,8.501367,-6.9177303,3.0147479,80,squat down,3
S027C003P079R002A117.skeleton,4.3418713,-21.083055,29.805214,19.873959,0.80600524,0.13090773,-0.99198383,-0.086308956,117,whisper,3
S013C002P019R002A039.skeleton,-14.815968,-40.458008,-24.831385,-23.809278,2.4639297,-1.6973886,1.8675789,-1.3954536,39,put palms together,2
S031C001P067R002A079.skeleton,39.11805,36.145546,-11.075713,15.432407,-3.8901467,7.665665,2.2431633,0.6618795,79,sniff/smell,1
S002C001P003R002A049.skeleton,-27.93058,-31.232073,-35.844864,-15.510291,3.4613094,-0.15881126,0.88561153,0.8145921,49,fan self,1
S027C003P081R001A102.skeleton,27.887182,-15.850167,25.15235,0.3063356,-1.4420903,-0.75629693,-2.1905236,0.61880624,102,side kick,3
S005C003P013R002A023.skeleton,-13.698961,49.95866,32.831253,9.263465,1.2815748,8.387,1.3254966,0.8191777,23,hand waving,3
S012C002P007R002A031.skeleton,-1.102182,-40.911533,41.79513,-4.1635494,1.941604,-1.3471423,0.5091978,1.788772,31,point to something,2
S031C003P085R002A081.skeleton,-40.04164,1.695428,-2.1851265,46.978767,4.3372574,3.493524,-0.2679111,0.44870785,81,toss a coin,3
S030C003P048R001A079.skeleton,-16.585197,-44.896564,-16.104729,37.991924,2.6869397,-2.0464354,1.3846736,0.1154209,79,sniff/smell,3
S029C001P089R002A095.skeleton,-17.438854,-3.0381331,-6.0315914,-2.7353415,2.261779,2.3958309,1.9885334,4.0421367,95,capitulate,1
S023C002P056R001A064.skeleton,-22.991203,40.44255,-13.847894,3.2633579,2.4857874,7.5601497,-1.5442353,0.30126557,64,bounce ball,2
S011C003P007R002A034.skeleton,-5.2822933,52.641106,-11.773003,-13.122071,0.42834544,9.007,0.8755799,0.009298962,34,rub two hands,3
S027C001P041R002A096.skeleton,-15.811071,-40.60488,18.891613,14.129709,2.4255023,-1.714279,1.7220685,-1.725625,96,cross arms,1
S023C001P068R002A090.skeleton,6.3534894,1.960452,-28.828863,-9.668694,3.8700826,1.9682477,0.12446319,-1.4003751,90,take object out of bag,1
S010C002P017R001A020.skeleton,18.760183,34.48708,-9.740351,-22.415663,-2.0018191,6.7263894,0.698649,0.30903292,20,put on a hat/cap,2
S005C001P018R002A021.skeleton,-27.58759,-10.030905,4.873502,15.722354,3.048574,2.4087605,0.98278034,1.484853,21,take off a hat/cap,1
S008C001P008R002A009.skeleton,34.177353,22.471542,46.68897,-11.955581,-3.5241075,6.426113,-4.3341813,-8.636134,9,stand up,1
S011C003P028R001A026.skeleton,24.612381,11.249972,-17.485132,-11.0899515,-1.3363752,2.8336205,-1.1270872,-1.34178,26,hopping,3
S026C003P051R001A079.skeleton,-8.96919,-27.910011,1.0603076,46.590786,1.9215438,-1.3266811,1.3976132,-1.3049661,79,sniff/smell,3
S019C001P051R002A097.skeleton,-27.938738,-37.607944,42.33543,-14.620799,2.7302485,-0.39739332,2.74178,3.3443065,97,arm circles,1
S025C003P056R001A112.skeleton,-7.7688236,21.419943,41.914013,5.4618087,0.85217106,5.297633,1.708429,-0.4832781,112,high-five,3
S023C003P068R001A087.skeleton,9.750277,0.5228316,21.619331,17.665735,3.5083642,1.0682744,-0.25776416,-0.5070649,87,put on bag,3
S007C003P018R001A041.skeleton,-17.319473,-17.700935,-5.9296637,-22.603024,2.5417926,0.90114135,1.1277156,-0.20805241,41,sneeze/cough,3
S031C002P101R001A095.skeleton,-22.652277,47.147446,2.0997663,68.89815,3.0864725,7.690767,-2.5360708,1.3351722,95,capitulate,2
S004C002P003R001A051.skeleton,-26.596579,44.02586,-23.001112,5.70408,3.1211321,7.92707,0.026233869,-0.052389413,51,kicking,2
S011C002P015R001A038.skeleton,-22.757446,41.376865,-10.157122,-21.475645,2.4719841,7.561809,1.4229592,0.16165653,38,salute,2
S013C002P016R002A031.skeleton,20.41687,34.404083,-26.167603,0.0041044042,-2.157826,6.756744,-0.47400996,0.14242229,31,point to something,2
S029C002P074R001A082.skeleton,-10.913807,20.288471,5.439667,-22.93805,1.1426133,5.3032975,0.8690323,-1.4381623,82,fold paper,2
S011C002P015R002A001.skeleton,21.274727,32.537247,2.7624469,-10.56267,-1.9752717,6.685497,1.3894923,-0.15008534,1,drink water,2
S027C003P086R002A120.skeleton,9.883423,-11.608017,30.48816,20.700325,-0.2358123,0.9491116,1.2044551,-0.33147976,120,rock-paper-scissors,3
S001C001P001R002A018.skeleton,-10.789127,11.490856,36.952118,9.5543785,0.20818897,4.383214,2.3229618,-0.07548167,18,put on glasses,1
S031C002P043R002A088.skeleton,3.0323603,-45.22866,-16.36071,-6.678358,1.8198084,-1.1585504,0.9120412,1.4714911,88,take off bag,2
S002C001P003R001A060.skeleton,17.510788,-15.132206,-29.827917,-21.712366,-0.8348005,-0.080111444,-2.3696022,-1.2815688,60,walking apart,1
S008C002P036R002A054.skeleton,-4.667146,-12.664809,-12.606277,-26.010056,1.0882086,1.2318578,0.83832914,1.0077337,54,point finger,2
S014C003P039R001A015.skeleton,-20.382895,-19.9129,-16.398247,-2.3658206,2.5922482,0.70447737,1.4921649,-2.7390058,15,take off jacket,3
S023C002P058R002A106.skeleton,-14.060197,4.3067307,-23.962536,41.807354,1.377053,3.9058905,-0.26434636,0.0128952265,106,hit with object,2
S002C002P003R001A014.skeleton,22.652811,-32.09198,-44.832664,11.594775,0.2839452,-1.4131929,-0.7905379,-1.1219916,14,put on jacket,2
S016C001P008R001A024.skeleton,25.80709,-18.276806,34.56999,3.5983942,-1.2480806,-0.890936,-2.7909365,0.3239241,24,kicking something,1
S027C003P083R002A097.skeleton,-9.768691,52.521744,7.6161156,4.718447,0.8647986,8.76471,2.5307872,-0.54444987,97,arm circles,3
S025C001P059R001A068.skeleton,-5.4705367,15.335932,40.01886,3.6626773,0.14918374,4.762067,1.9404716,1.393644,68,flick hair,1
S009C001P025R001A012.skeleton,-2.9542966,-28.845005,-41.324074,-23.157408,0.52520764,-2.2664554,0.411008,-1.2197843,12,writing,1
S009C002P008R001A047.skeleton,-30.825043,39.06494,-25.214664,-31.053251,3.1044137,7.2071896,0.4831485,-0.5809106,47,neck pain,2
S008C003P036R001A046.skeleton,-9.768977,-30.609598,44.154716,-13.65112,2.6583145,-1.0175534,-0.25578344,-0.691832,46,back pain,3
S026C001P075R002A067.skeleton,29.326803,39.53903,5.22682,67.75732,-2.8854382,6.691421,0.65426797,-1.3469828,67,hush,1
S018C001P044R002A108.skeleton,30.524199,-18.385017,35.05308,-0.42319074,-1.7196882,-0.2415435,-3.2351518,0.5129967,108,knock over,1
S006C003P007R001A022.skeleton,2.297799,-49.0343,42.99496,-4.2100754,1.6976185,-1.0048932,1.9840714,3.5174577,22,cheer up,3
S030C001P048R001A102.skeleton,20.22405,-24.22077,-16.960775,37.994324,-0.9445961,-1.421424,-2.3314877,-0.12177151,102,side kick,1
S011C002P016R001A022.skeleton,2.15842,41.86151,-26.292463,-4.6602635,-0.035647266,7.158769,3.5422711,1.012868,22,cheer up,2
S029C003P075R002A072.skeleton,16.002178,30.18634,-24.119057,-5.359933,-1.404413,6.7052703,0.983698,0.86311644,72,make victory sign,3
S008C002P036R002A004.skeleton,-6.9222364,-16.365353,37.703423,-13.5900135,1.4069352,0.7474593,2.6630125,2.7885187,4,brush hair,2
S017C002P003R001A056.skeleton,-12.096588,20.575727,4.888172,14.638896,1.1712148,5.428686,0.8783829,0.27018353,56,giving object,2
S013C001P016R002A010.skeleton,36.81598,37.897923,7.8614926,-10.346575,-3.7812307,7.6812706,2.0706806,-0.31235498,10,clapping,1
S016C003P019R001A058.skeleton,-17.439386,35.138165,-31.285435,-2.4841678,2.0337458,8.153233,-1.1224984,-0.11550389,58,shaking hands,3
S012C001P018R002A019.skeleton,-18.424984,-11.978911,32.859154,19.516335,2.4233677,1.6336396,1.5461042,-0.85442543,19,take off glasses,1
S009C001P016R001A007.skeleton,-9.005596,0.22099558,-25.900988,-13.644234,1.0461076,2.9588819,-0.24331784,1.2197425,7,throw,1
S031C003P082R002A106.skeleton,13.459367,2.8842769,-2.0527816,22.025515,-0.8019649,2.286471,-2.0191183,-0.029745176,106,hit with object,3
S028C002P073R002A092.skeleton,41.24725,-5.5291295,-30.199554,-9.886393,-3.374381,1.776173,-5.5989604,2.7361948,92,move heavy objects,2
S021C003P059R002A080.skeleton,-14.491302,45.804443,10.214968,-32.74098,1.3091922,8.15083,-4.279825,1.1921531,80,squat down,3
S005C002P013R002A004.skeleton,11.0203,-29.843267,-44.27876,-16.769005,0.6678224,-0.36639687,1.8220153,1.4365262,4,brush hair,2
S007C001P016R002A057.skeleton,-4.9493356,27.441576,-37.380016,10.386769,4.5077796,8.842496,-0.56585616,-0.76547754,57,touch pocket,1
S025C003P068R002A093.skeleton,-11.904747,48.901794,-10.760359,37.915627,1.1414165,8.338902,1.1525697,0.7377243,93,shake fist,3
S003C001P017R001A053.skeleton,-20.68292,13.281036,-36.295494,-27.541069,1.5330756,5.988185,-0.9604994,0.6866624,53,pat on back,1
S008C002P030R001A005.skeleton,-30.147758,36.3988,18.198002,-32.154488,2.987498,7.0193396,0.16919567,-1.0593661,5,drop,2
S002C002P012R002A049.skeleton,-18.147217,-16.576246,-41.90157,-25.310247,2.5278819,1.0440801,1.992453,1.473147,49,fan self,2
S010C001P013R002A059.skeleton,23.581953,4.693128,24.50264,-32.29565,-1.6914228,1.9768707,-3.9034808,-0.68386537,59,walking towards,1
S026C003P071R001A064.skeleton,8.47909,-43.0718,-11.445449,-10.527558,0.8150617,-0.7982624,0.8608689,-0.22324067,64,bounce ball,3
S027C003P081R001A086.skeleton,-19.241985,-19.635836,17.970816,3.7211325,2.6299756,0.69899756,1.1678143,-3.306718,86,apply cream on hand,3
S024C001P060R002A116.skeleton,26.061087,4.286196,-5.9783616,23.102545,-1.7732818,1.9442359,-3.7102537,1.1777807,116,follow,1
S030C003P085R002A075.skeleton,-36.92941,4.220163,-10.902308,-5.110292,3.9259124,3.2817512,2.0106885,0.25426513,75,cutting nails,3
S021C002P055R001A078.skeleton,-29.487005,46.09178,-23.773659,-6.6319575,3.5620515,8.181724,0.27498782,-0.27623773,78,open bottle,2
S031C001P043R002A089.skeleton,-18.191927,-43.019283,-12.518303,-17.643488,2.9752972,-2.1959326,0.45402214,-2.681193,89,put object into bag,1
S010C002P021R002A043.skeleton,41.69803,-5.485016,-15.854116,-33.061417,-3.378563,1.817941,-6.125506,2.8651767,43,falling down,2
S008C002P032R001A034.skeleton,-18.93179,27.074549,47.30067,-9.376503,1.8054119,6.4979033,2.1826024,-0.32514167,34,rub two hands,2
S019C003P050R002A113.skeleton,-3.8724241,36.428658,3.021914,-10.554397,1.2363194,6.818293,0.22270131,-0.43960813,113,cheers and drink,3
S032C003P106R002A099.skeleton,16.464216,-2.3825521,10.001224,-2.29476,-0.7516199,1.7300199,-0.5689023,0.6855097,99,run on the spot,3
S026C002P070R001A077.skeleton,-20.714905,22.436785,-40.355408,-12.855978,2.0071442,5.6456227,1.4466612,0.3573933,77,snap fingers,2
S018C002P045R001A114.skeleton,40.220455,-5.4376802,45.383884,3.7423708,-3.391168,1.7452253,-6.3530293,3.2422085,114,carry object,2
S005C003P004R001A034.skeleton,35.389374,30.505697,35.83397,-15.029467,-3.3672948,7.308872,1.8820137,0.16873533,34,rub two hands,3
S001C001P001R001A014.skeleton,-12.759598,1.7857827,35.657906,9.900328,1.480631,3.5106478,0.85275614,-0.20158458,14,put on jacket,1
S007C002P001R001A049.skeleton,-10.90878,18.711203,30.039192,-10.505067,1.0709175,5.224384,1.2458744,0.3799466,49,fan self,2
S020C001P053R002A082.skeleton,-20.383516,-43.158493,17.408865,5.8989525,3.147869,-1.921454,0.9961139,-2.1374846,82,fold paper,1
S002C002P014R001A019.skeleton,31.530416,29.393238,-44.368504,9.576795,-2.9082253,7.466401,1.9135263,-0.2008397,19,take off glasses,2
S009C002P015R002A050.skeleton,3.6811268,56.4151,6.517573,77.18007,14.909771,1.6958296,-0.70631635,-0.49607283,50,punch/slap,2
S008C003P036R001A047.skeleton,-30.828608,-31.73838,43.798767,-13.844399,3.384389,-0.2073009,1.4006596,1.8864204,47,neck pain,3
S012C002P017R001A006.skeleton,27.583616,9.641082,38.542587,0.19999777,-1.777941,2.5936737,-3.664059,-0.9385795,6,pick up,2
S001C003P001R001A042.skeleton,-21.530336,-4.0688577,17.774076,-25.474989,2.3641753,2.5868275,-1.0712186,0.60080254,42,staggering,3
S026C003P008R002A108.skeleton,-11.706041,3.0073655,-3.111522,16.976917,1.1474206,3.7158775,-1.9971223,0.809884,108,knock over,3
S014C003P017R002A002.skeleton,2.2136111,36.829742,-21.205212,6.791817,-0.35055745,6.234765,0.12646803,-1.1963297,2,eat meal,3
S030C003P085R001A099.skeleton,28.304125,-32.227413,-10.336787,-5.68488,3.39441,0.82281244,-0.3650698,-1.6201134,99,run on the spot,3
S001C001P005R001A013.skeleton,-4.1837087,-34.00737,11.6246805,-4.724695,0.99263316,-2.4795785,0.64902586,-1.7730584,13,tear up paper,1
S029C003P067R001A077.skeleton,38.91071,29.721298,-13.487232,40.572212,-3.4988334,7.195761,1.1039884,0.48723552,77,snap fingers,3
S020C003P008R002A105.skeleton,-4.0644927,50.119232,19.475315,13.359164,0.31463316,9.028426,-1.2506444,0.91971767,105,blow nose,3
S011C001P007R002A039.skeleton,8.874352,-13.23409,-22.183561,-12.093883,-0.110977404,0.8423735,1.243599,0.3911718,39,put palms together,1
S002C003P003R002A015.skeleton,-27.612537,-12.256764,-40.342846,-25.990765,2.9917789,1.7810311,0.4226172,1.5716107,15,take off jacket,3
S010C001P015R002A052.skeleton,-32.544796,6.4237833,-37.290283,8.115059,3.4877248,3.0044873,0.11917174,-0.15959656,52,pushing,1
S009C002P016R002A011.skeleton,-1.6476384,-40.299446,-41.166462,-17.503777,1.866704,-1.4399357,1.7000544,-0.58537185,11,reading,2
S032C001P105R002A067.skeleton,13.723781,-7.3933935,5.7333684,68.23283,-0.7974612,0.9563726,-0.871845,0.21056724,67,hush,1
S010C002P019R002A009.skeleton,36.70704,23.108416,-15.384309,-25.395676,-3.6625664,6.5102572,-3.6178818,-7.691166,9,stand up,2
S017C001P017R001A042.skeleton,28.359205,-14.132334,-18.397612,-1.6544242,-1.5483825,-0.5837153,-1.7295597,-0.93072104,42,staggering,1
S029C002P041R002A093.skeleton,2.8408203,32.00187,50.49656,-6.143356,0.7142606,7.197963,-0.8581207,1.2319784,93,shake fist,2
S003C003P007R002A025.skeleton,-42.83975,-2.2007458,-41.120472,-25.138056,4.168274,2.7655754,-1.4111222,0.36375302,25,reach into pocket,3
S030C003P067R001A116.skeleton,8.04231,-46.3218,-0.5615752,-1.3284482,0.43807814,-1.0892488,-1.4545407,0.26727593,116,follow,3
S030C002P095R001A118.skeleton,-19.190922,-9.947173,39.540936,-5.2234535,2.5488486,1.8769342,1.5070714,-1.0956823,118,exchange things,2
S026C003P071R001A092.skeleton,-2.9558322,-43.069992,-24.679195,-12.047504,1.946405,-1.702681,-1.1525991,0.033970177,92,move heavy objects,3
S005C003P004R001A059.skeleton,3.6811268,56.4151,6.517573,77.18007,14.91161,1.6960497,-0.70631635,-0.49607283,59,walking towards,3
S009C001P016R002A029.skeleton,-18.967237,-12.218395,-37.49299,-8.644627,2.42917,1.7102067,1.6595622,-1.3723422,29,play with phone/tablet,1
S029C001P048R001A091.skeleton,-10.670145,-36.73693,-18.177366,6.949913,1.893386,-2.3455157,0.6808103,-2.9856024,91,open a box,1
S013C003P008R001A023.skeleton,36.906036,28.258024,11.566556,-33.04199,-3.499086,7.0766544,1.2963847,-0.19470865,23,hand waving,3
S028C001P043R001A112.skeleton,1.6656764,-41.631607,-15.941003,-9.998886,1.3939252,-1.4413688,0.97562325,1.8226413,112,high-five,1
S021C002P060R001A077.skeleton,-20.199644,24.125708,-35.152584,8.510005,2.086674,5.8419995,0.6349833,-1.3183707,77,snap fingers,2
S008C003P034R002A010.skeleton,-2.4817824,23.557367,52.0541,-0.8991791,0.50221217,5.5500174,0.8627471,-1.2298541,10,clapping,3
S007C001P007R002A056.skeleton,-16.08923,49.48448,44.803753,-7.584489,1.6621834,8.043189,-1.4680328,0.14661394,56,giving object,1
S011C002P017R001A048.skeleton,-3.1019473,10.787941,39.230457,-9.003599,1.2348046,4.6346793,-1.3941613,0.023087442,48,nausea/vomiting,2
S027C001P082R001A113.skeleton,-1.8388765,-5.1150494,17.479053,20.050543,0.75362384,1.9946724,0.619905,0.28880116,113,cheers and drink,1
S026C003P041R002A065.skeleton,-39.121464,3.596874,-22.44061,-17.701803,4.0426173,3.3728838,-0.67816144,0.276634,65,tennis bat swing,3
S004C002P003R002A014.skeleton,6.514289,-0.97296363,16.38065,-24.817429,3.6268342,1.3772758,0.8310547,-0.7844254,14,put on jacket,2
S025C003P068R001A063.skeleton,2.3123355,-16.800396,9.8243885,3.6507087,0.73361266,0.7301322,0.7495484,0.8938772,63,shoot at basket,3
S012C002P027R001A046.skeleton,-18.743809,19.902376,4.0552497,0.56026465,1.9108703,5.790321,0.03233546,0.21636623,46,back pain,2
S007C001P007R001A016.skeleton,44.525436,28.471375,33.02083,-3.1681066,-4.0572734,6.977768,-1.6906681,-0.40902853,16,put on a shoe,1
S002C003P010R002A015.skeleton,8.442849,7.8695946,-47.180946,8.044606,-0.16294527,2.591322,1.1004589,-1.1982471,15,take off jacket,3
S010C003P021R001A029.skeleton,-12.383291,-37.12939,2.2856867,-21.061007,2.411413,-2.1326032,1.5541849,-3.044848,29,play with phone/tablet,3
S001C002P005R001A016.skeleton,34.10863,-6.152474,10.0651655,-19.110834,-3.2632058,1.8757555,-5.5763974,1.5171287,16,put on a shoe,2
S002C001P011R002A034.skeleton,22.690294,37.473053,-27.01654,-17.101683,-2.3965254,6.2685623,0.9849105,-0.7263776,34,rub two hands,1
S004C003P003R002A017.skeleton,-29.22101,-5.7794533,2.1065536,-21.545074,2.84037,2.8857596,-1.5272366,0.37849662,17,take off a shoe,3
S022C003P062R002A112.skeleton,-1.9629707,-9.903047,28.51378,22.77204,0.6476204,1.5324241,0.9445474,0.64505905,112,high-five,3
S022C003P061R002A063.skeleton,-7.438613,42.971348,-7.027383,15.477983,0.9195039,7.3423495,0.45128146,-0.2943735,63,shoot at basket,3
S031C003P096R002A111.skeleton,-27.728336,-14.901641,8.833419,8.160232,2.921722,1.4006547,-0.7088169,0.07627648,111,step on foot,3
S017C001P016R001A030.skeleton,-18.611444,3.1774256,9.52419,-22.527948,2.2504618,2.8747423,0.5969524,-0.5356158,30,type on a keyboard,1
S017C003P009R001A033.skeleton,-12.909964,-40.637024,4.0487366,1.4335327,2.4475594,-1.6812243,1.1580874,-2.36028,33,check time (from watch),3
S006C001P001R002A026.skeleton,24.777859,10.870831,24.5414,-19.304064,-1.4209385,2.7805548,-3.3588831,-0.9082927,26,hopping,1
S001C002P005R001A012.skeleton,-5.234699,-34.692818,16.697906,-22.925514,1.2310491,-2.4641287,1.5409304,-3.297501,12,writing,2
S032C001P008R001A120.skeleton,-3.510819,-7.9211645,-9.029731,13.98776,0.7272281,1.861872,-0.33105463,-0.24950133,120,rock-paper-scissors,1
S023C001P068R002A070.skeleton,21.982128,-9.699066,5.519266,74.272736,-1.9221323,-1.759733,0.12156998,1.640721,70,thumb down,1
S032C003P067R002A119.skeleton,-2.9206321,49.544815,-0.5943125,-0.9986653,0.3091267,8.947043,-0.41981202,-0.8512838,119,support somebody,3
S008C003P008R001A007.skeleton,0.39434683,-10.874438,32.68603,-8.820924,0.38707387,1.2537035,2.1806223,1.158639,7,throw,3
S018C001P045R001A064.skeleton,-1.9093492,-26.947117,38.176414,-7.9599094,0.5232999,-1.7438357,-0.3924212,0.10989733,64,bounce ball,1
S001C001P007R002A018.skeleton,44.20121,32.816257,33.02251,4.625612,-4.198603,7.2451334,0.77365255,-0.43729073,18,put on glasses,1
S010C002P017R002A023.skeleton,9.425474,17.473642,-24.572449,-16.168348,-0.65118366,5.02363,0.9934278,0.88907933,23,hand waving,2
S024C003P067R002A075.skeleton,5.5259967,43.686806,20.41367,16.790777,-0.41289574,7.3378067,0.1165843,-2.6875868,75,cutting nails,3
S026C001P075R002A082.skeleton,12.596548,24.338955,-35.8705,-27.416504,-1.4170983,5.9131174,2.351143,0.014816761,82,fold paper,1
S027C003P083R001A082.skeleton,-11.837579,-46.642185,-35.52475,-1.5451077,2.6534233,-2.524783,1.0352821,-2.2795205,82,fold paper,3
S018C002P044R002A082.skeleton,2.0282962,-23.801783,-8.723734,1.5380027,3.426679,0.80912906,0.9821615,-2.2024033,82,fold paper,2
S023C003P063R001A120.skeleton,-17.636059,38.272774,-39.80456,14.297627,2.071221,7.7767315,-0.38888615,0.67447877,120,rock-paper-scissors,3
S007C003P019R002A036.skeleton,-13.124542,50.88625,-12.403231,-6.9880095,1.3504845,8.348198,0.9268015,-0.46105486,36,shake head,3
S021C003P058R002A102.skeleton,15.995719,6.0296535,14.399956,-34.331802,-0.6602384,2.5121143,-2.2390358,-0.6456478,102,side kick,3
S009C002P008R001A059.skeleton,25.78791,12.31667,50.82248,-10.504413,-1.5474045,2.7454948,-2.8358505,-1.3615255,59,walking towards,2
S019C001P048R002A079.skeleton,-29.718029,-33.74015,34.058525,-11.463555,3.4181724,-0.23666115,1.1534879,0.25529873,79,sniff/smell,1
S016C003P007R002A054.skeleton,-26.454536,4.7264075,45.637337,-2.0767608,2.5521877,2.652859,0.16750614,0.7229829,54,point finger,3
S026C002P069R002A072.skeleton,-6.8177547,-16.010925,-32.167374,-20.99902,1.360379,0.8787619,2.3903835,1.2329128,72,make victory sign,2
S023C002P066R002A079.skeleton,32.19985,27.64174,2.9084637,70.65783,-2.9510155,7.62163,0.51916564,0.046696316,79,sniff/smell,2
S026C002P049R001A072.skeleton,8.408072,-5.158517,-36.92488,-14.723358,1.8267152,5.0017157,1.2632335,-0.47343734,72,make victory sign,2
S002C003P010R001A018.skeleton,35.31668,29.354914,-43.04296,-25.131132,-3.4735217,7.225639,1.7747403,-0.62713677,18,put on glasses,3
S027C002P081R002A091.skeleton,-10.218397,-13.440088,22.133371,-3.0724669,1.5786998,1.5881921,1.0450592,-1.1550803,91,open a box,2
S007C002P018R002A048.skeleton,-1.0412899,-13.252281,34.68625,-11.362342,0.7865397,1.2317933,-2.0408585,-1.9859751,48,nausea/vomiting,2
S003C002P007R001A045.skeleton,-26.726246,22.42229,-46.16702,11.635703,2.4908519,5.4594903,-0.17615083,-1.8757865,45,chest pain,2
S029C002P074R002A116.skeleton,22.99095,3.9652853,-39.205563,10.51338,-1.6428331,1.8819151,-4.0821238,-1.7348226,116,follow,2
S020C003P008R001A085.skeleton,0.6900298,-18.037682,16.919195,17.952297,1.0894035,0.6190936,0.40266573,-0.9271013,85,apply cream on face,3
S026C001P075R002A080.skeleton,-22.230478,-2.53561,-42.862206,-24.03973,2.1932194,3.0196502,-3.3387976,-0.85209674,80,squat down,1
S014C003P019R002A039.skeleton,-29.92845,1.5163584,-7.141483,19.1413,3.5067601,3.1106796,1.2239113,0.2552197,39,put palms together,3
S011C001P028R002A021.skeleton,24.759005,35.958305,-13.23515,15.752609,-2.0494852,6.174464,1.2966189,0.77026963,21,take off a hat/cap,1
S031C002P098R002A089.skeleton,6.5361295,-1.1126807,-8.351187,-9.878102,3.4951897,1.1219754,1.3225493,-0.23483393,89,put object into bag,2
S007C003P026R001A044.skeleton,-11.994912,-11.361715,-21.346525,-29.163263,1.606579,2.1124215,0.8419209,-0.30787912,44,headache,3
S012C002P008R001A017.skeleton,31.28457,23.634844,31.011972,15.220444,-3.0977535,6.445951,-2.7040782,-4.866664,17,take off a shoe,2
S007C002P025R001A022.skeleton,3.469965,17.338486,33.466072,4.8645253,-0.44039363,5.276386,1.2397708,2.066949,22,cheer up,2
S011C001P017R002A040.skeleton,-11.69532,-6.91405,-27.5395,-12.836889,1.5201294,2.1202188,1.4631563,0.97807276,40,cross hands in front,1
S022C003P065R002A089.skeleton,-4.54233,50.815086,-8.904432,15.343046,0.3095849,9.07515,-0.3258313,-0.45784748,89,put object into bag,3
S007C003P026R002A015.skeleton,-21.202099,39.28336,-25.170063,-29.989784,1.8183762,7.14164,-0.099183984,-0.2814453,15,take off jacket,3
S031C002P100R002A116.skeleton,24.04878,6.1757956,-43.710922,5.4112983,-1.7182968,2.0933387,-6.064398,-0.1393146,116,follow,2
S014C001P008R001A030.skeleton,33.92776,30.182772,45.035503,-3.52013,-3.1357527,7.368191,1.3589087,-0.4457121,30,type on a keyboard,1
S003C001P002R001A003.skeleton,-9.559065,0.21820833,-34.467896,-0.96566457,1.092534,3.0284083,1.4278884,1.2604041,3,brush teeth,1
S030C001P048R001A077.skeleton,12.156775,-25.043976,0.34296486,62.974556,-0.10484359,-0.9019077,0.62337744,-0.07616059,77,snap fingers,1
S014C001P027R001A058.skeleton,-30.687086,3.2443388,44.173496,-18.43672,3.405792,2.9468648,0.81084275,0.46534693,58,shaking hands,1
S009C001P025R002A035.skeleton,36.575058,3.764794,-37.794987,3.6352477,-2.5699282,2.1012359,-3.390443,1.0828342,35,nod head/bow,1
S018C002P043R002A102.skeleton,16.924234,-1.347052,-25.842165,-11.604368,-0.82115304,1.7863228,-1.170619,-0.32657182,102,side kick,2
S020C002P041R002A097.skeleton,37.04182,30.166777,22.443296,-10.260049,-3.5110838,7.3281655,1.6667341,1.9814037,97,arm circles,2
S008C003P035R001A052.skeleton,16.904991,-24.394627,32.65929,-8.886859,-0.5897956,-1.157956,0.12940991,-0.2265786,52,pushing,3
S007C003P016R001A020.skeleton,-11.837,-15.591631,-11.472447,1.3783698,1.5600553,1.4271449,1.2694052,1.8938457,20,put on a hat/cap,3
S020C001P041R001A113.skeleton,39.524567,27.310108,33.32149,-3.693351,-3.6885579,6.9786234,0.10681369,-1.5266109,113,cheers and drink,1
S014C003P027R001A017.skeleton,37.89694,-25.276577,1.6727542,1.4184622,-2.2095952,1.4857844,-3.846559,-0.8289362,17,take off a shoe,3
S021C001P059R002A115.skeleton,1.3618841,22.355968,19.371471,-27.90386,-0.04467234,5.7349615,-0.95495725,0.088516295,115,take a photo,1
S011C003P028R002A059.skeleton,4.3884125,29.967625,-24.559397,-32.034145,-0.19896035,6.8018227,-2.7974126,-0.23918939,59,walking towards,3
S028C002P087R001A063.skeleton,-24.108213,21.369795,-15.100037,40.44517,2.3296232,5.442759,1.4492074,1.7368932,63,shoot at basket,2
S019C002P050R002A079.skeleton,-17.042246,-6.8346524,18.353405,-10.295637,2.0425262,2.3369138,0.610252,-0.96766186,79,sniff/smell,2
S018C001P043R001A106.skeleton,-23.705585,18.980991,-17.808342,-4.584405,2.2276058,5.315499,0.74004114,1.0382798,106,hit with object,1
S005C001P017R002A008.skeleton,28.97251,-15.393669,-5.7044616,22.350454,-1.5197357,-0.49557745,-3.2950625,0.6524115,8,sit down,1
S013C001P017R002A059.skeleton,25.149712,10.217941,22.378963,-33.3011,-1.5432734,2.6385853,-4.7447186,-1.0207158,59,walking towards,1
S001C002P008R002A034.skeleton,-13.114208,-34.574284,-10.363554,-18.682806,2.0954292,-1.8182493,2.101078,-0.9014898,34,rub two hands,2
S011C001P001R001A002.skeleton,-9.311082,11.517633,-9.469278,12.525316,0.5806237,4.2880054,1.7967609,-1.8102487,2,eat meal,1
S030C003P085R002A116.skeleton,-17.005236,34.58926,-5.972273,21.31201,2.0189764,8.1894455,-2.280409,-0.69490546,116,follow,3
S024C002P064R001A077.skeleton,-27.904089,48.09818,3.8610764,60.155155,3.6930497,8.313847,-0.23860867,1.3108531,77,snap fingers,2
S032C001P106R001A117.skeleton,25.665413,-20.09573,0.72773874,7.5382724,-1.161697,-0.95713615,-1.8280643,0.51663697,117,whisper,1
S010C001P013R002A015.skeleton,-26.488403,-30.59879,-35.26284,2.7691672,3.4237661,-0.13467017,-1.4367702,0.9818662,15,take off jacket,1
S032C002P104R001A065.skeleton,22.996552,-14.040931,-10.987624,39.807465,-1.1843811,-1.5697297,-0.47200432,-0.20127806,65,tennis bat swing,2
S028C003P042R001A087.skeleton,31.582882,-30.908339,-10.949267,-7.3488383,-1.001335,0.6490878,0.80505353,-1.4279497,87,put on bag,3
S025C002P068R001A087.skeleton,-30.792519,41.941994,34.87479,-12.471694,3.2588701,7.5486503,1.9689877,-0.56836355,87,put on bag,2
S010C001P021R002A015.skeleton,-31.335905,-29.973427,-38.913082,-16.896967,3.2790983,-0.2195799,0.56713384,1.1956928,15,take off jacket,1
S009C003P008R001A042.skeleton,15.306622,2.310147,-37.212536,-25.754606,-0.8884578,2.2127802,-2.7177596,-0.5029269,42,staggering,3
S009C002P015R001A055.skeleton,15.023854,12.272914,-32.86705,-31.70118,-2.13636,2.044026,-2.8123097,1.5286725,55,hugging,2
S008C002P001R001A030.skeleton,23.024038,40.827255,50.114006,-1.2657437,-2.345967,6.151044,1.0700568,-0.26663834,30,type on a keyboard,2
S007C003P025R001A047.skeleton,-13.805031,-16.956066,-21.497684,-15.555961,1.9576911,1.145628,0.9099901,-0.048962325,47,neck pain,3
S022C001P066R002A085.skeleton,-24.299467,-41.66302,15.081393,-18.13558,3.0224307,-1.157672,0.6871163,-3.2247472,85,apply cream on face,1
S007C001P027R001A019.skeleton,9.804257,-35.99788,29.530706,-12.101489,0.5695983,-1.4282398,1.4127607,0.11895156,19,take off glasses,1
S019C002P042R001A077.skeleton,-5.9247007,30.227114,8.668894,-10.194359,4.319611,8.691784,0.799613,-0.69006336,77,snap fingers,2
S008C003P008R002A034.skeleton,12.238622,21.979406,38.86756,-17.938953,-1.3921897,5.7636337,1.0493265,0.58703005,34,rub two hands,3
S018C001P044R001A061.skeleton,-5.3129163,-40.631462,18.283375,-28.51824,1.8022774,-2.0702229,1.2295262,-1.9820726,61,put on headphone,1
S012C003P019R001A033.skeleton,-13.854537,-40.518143,-13.792901,12.276328,2.4297502,-1.5785271,1.749878,-0.9183058,33,check time (from watch),3
S015C001P016R001A044.skeleton,-7.936972,10.085205,23.250484,-24.384073,0.49172878,4.090271,1.6365633,1.0840677,44,headache,1
S032C001P008R002A082.skeleton,-0.46154264,-19.631838,2.631668,-11.697813,2.7472174,-1.1403962,0.97717696,-3.6192684,82,fold paper,1
S009C002P015R002A037.skeleton,-8.585811,-10.025574,-37.74767,-23.363863,1.3181208,1.8051748,1.3277131,-0.00506701,37,wipe face,2
S021C003P059R002A114.skeleton,-15.255568,32.377155,-15.905846,-27.273052,1.8594065,7.4546967,-3.0419753,-0.6679512,114,carry object,3
S025C001P055R002A087.skeleton,3.8113363,-0.63157684,26.12667,7.379132,3.812004,2.167882,0.071330875,-1.8782117,87,put on bag,1
S019C001P050R001A109.skeleton,-23.529661,44.193928,-33.128216,-19.01649,2.590828,7.7844777,-1.4607384,0.47722936,109,grab stuff,1
S003C001P017R002A024.skeleton,30.041698,-14.4289255,-43.995026,10.813954,-1.5672174,-0.42353642,-2.8249009,-0.18721962,24,kicking something,1
S031C003P041R002A116.skeleton,-10.766152,44.639652,-26.8863,-30.753424,1.2123992,8.207232,-0.015831701,0.28527904,116,follow,3
S031C003P041R002A098.skeleton,-11.156376,49.72027,-17.753775,-8.678087,1.0830597,8.537485,1.0929265,-0.6516601,98,arm swings,3
S032C002P008R001A067.skeleton,-3.365698,9.945351,7.235128,-15.997112,1.2561009,4.5271907,-1.1697149,0.5083177,67,hush,2
S013C003P018R002A036.skeleton,-43.011887,0.56664944,-14.69389,-18.71971,4.229671,3.5901508,1.0911953,0.52557373,36,shake head,3
S029C003P048R001A064.skeleton,-7.1745777,-24.219944,-14.268306,2.0254269,2.1712759,-1.9724388,1.7322876,-1.8593032,64,bounce ball,3
S013C001P016R001A045.skeleton,-7.2544007,6.4957857,-15.427467,-33.103188,0.8730733,3.905185,0.27860975,-0.41656542,45,chest pain,1
S008C002P033R001A048.skeleton,-17.79956,22.534658,42.511337,-15.797084,1.8359416,5.6075177,-3.1350033,-0.40847695,48,nausea/vomiting,2
S009C003P016R001A006.skeleton,30.699144,-0.3364482,-34.87625,-20.345657,-2.8412268,2.4749174,-3.2404432,0.017837524,6,pick up,3
S024C003P063R002A085.skeleton,-11.771817,49.596516,1.3047873,17.707779,1.1328474,8.457702,1.2899165,0.5542175,85,apply cream on face,3
S005C002P013R001A026.skeleton,-22.841675,25.210955,-26.783434,-32.202576,2.0779912,5.7005453,-0.5612305,-0.8080867,26,hopping,2
S022C002P064R002A090.skeleton,-18.726128,-0.58737487,-35.433056,15.88695,2.2538953,2.5550811,1.8818825,1.3728603,90,take object out of bag,2
S004C002P008R001A029.skeleton,1.3784542,40.12772,-11.997574,-23.48301,0.048489876,7.0219293,1.6771486,-0.94571614,29,play with phone/tablet,2
S005C001P015R001A040.skeleton,-9.4206915,12.856684,-22.426344,14.4441,0.33005413,4.4165964,1.6656885,0.07460211,40,cross hands in front,1
S006C001P022R001A057.skeleton,-25.654295,-5.121536,47.97169,-7.652661,2.540292,2.8407145,-0.12017378,1.2870632,57,touch pocket,1
S018C003P043R002A108.skeleton,-38.006336,-2.5432348,-18.436663,11.058806,4.25249,3.107398,-2.8939579,-1.0698162,108,knock over,3
S009C002P015R002A054.skeleton,-6.953677,-8.239057,-36.566727,-25.176363,1.1776539,1.977145,0.71227944,0.18882467,54,point finger,2
S027C002P085R002A119.skeleton,29.923944,-31.324543,24.909855,-2.1655765,-1.2040608,0.6428004,-0.9384823,-0.7470727,119,support somebody,2
S007C002P016R002A050.skeleton,-0.46331406,-9.583531,-13.329812,-31.523207,0.5208233,1.3540931,0.53549993,0.16236688,50,punch/slap,2
S028C001P042R001A105.skeleton,16.74143,-36.069767,-24.379236,-11.211427,0.11832888,-0.5567732,1.4023824,0.54532355,105,blow nose,1
S003C002P018R002A038.skeleton,-4.0688725,-17.362703,-43.823742,-17.756248,1.2269883,0.79709375,2.317685,2.0730195,38,salute,2
S005C001P010R002A017.skeleton,35.497,26.965021,8.528143,8.648159,-3.52494,7.1079683,-0.75229836,-1.5584998,17,take off a shoe,1
S029C002P049R002A111.skeleton,-4.306487,4.475454,1.5983709,68.50652,1.3902007,4.025905,-0.4991108,2.3322527,111,step on foot,2
S031C001P082R001A098.skeleton,-9.60679,12.066116,-12.596723,-23.435076,0.351013,4.390201,1.511512,0.9658661,98,arm swings,1
S027C003P079R002A074.skeleton,-38.893257,-3.5650454,16.238348,2.2468445,4.308422,2.973475,0.022913074,-0.22478728,74,counting money,3
S027C002P043R002A094.skeleton,10.747644,-33.747154,-10.25856,38.16877,0.60318434,-1.0782579,1.492183,0.38666236,94,throw up cap/hat,2
S020C003P043R001A065.skeleton,8.3315735,-45.851997,20.55009,-0.9332121,0.8928461,-1.0005765,-0.6433016,1.0693729,65,tennis bat swing,3
S030C001P088R002A077.skeleton,-26.34306,-27.116903,-0.3334102,63.853104,3.1757865,-0.46051097,1.5119606,0.97703665,77,snap fingers,1
S005C003P021R001A033.skeleton,-0.05127984,-18.99642,23.086569,-20.575993,1.133999,0.4958457,1.2662101,-1.2555416,33,check time (from watch),3
S018C002P042R002A107.skeleton,-24.788857,-30.074684,43.12333,-18.326544,3.2228172,0.0007657654,-0.7978891,0.7116649,107,wield knife,2
S011C003P028R001A034.skeleton,-7.2173786,12.237448,-14.772565,-14.043203,0.26232544,4.2993045,1.386346,-1.2662072,34,rub two hands,3
S031C003P085R001A110.skeleton,13.003476,-11.578991,-16.465956,38.53717,-0.3590163,0.8002261,1.3979312,1.2960813,110,shoot with gun,3
S031C001P051R001A077.skeleton,20.677519,-11.908404,2.871312,69.2037,-1.6510231,-1.7063527,1.0207411,1.9258575,77,snap fingers,1
S001C003P007R001A013.skeleton,-15.160428,-44.676285,17.389265,-23.534588,2.7171938,-2.1830122,1.1256003,-1.7903724,13,tear up paper,3
S008C003P025R001A026.skeleton,36.579327,-22.791008,16.93808,-7.201612,-1.8233204,0.764294,-2.317064,-0.87333107,26,hopping,3
S030C003P092R001A108.skeleton,-28.817549,-10.437056,-34.163883,-25.294004,2.9737954,2.2430005,0.6973491,0.4632069,108,knock over,3
S023C002P068R001A068.skeleton,-21.348276,24.535898,-1.0400305,45.79993,2.1497505,5.7920375,1.7402736,0.2663693,68,flick hair,2
S013C001P028R001A002.skeleton,-8.031616,12.112881,8.602074,-13.961981,0.2908672,4.281267,1.513265,-1.3001364,2,eat meal,1
S014C002P025R002A051.skeleton,-23.735203,-0.6782894,47.684544,-6.9477205,2.3698735,3.0311959,-2.7463472,0.5578522,51,kicking,2
S029C001P067R002A095.skeleton,-25.91205,-26.672522,-2.5020602,64.178215,2.7597122,-0.690557,1.5043352,2.1034331,95,capitulate,1
S007C003P027R002A011.skeleton,3.6811268,56.4151,7.206852,77.07063,14.9241295,1.7099789,-0.70631635,-0.49607283,11,reading,3
S032C003P044R002A070.skeleton,-34.425713,3.4065523,-3.439544,46.89455,3.8220785,2.900974,-0.14435075,1.2503392,70,thumb down,3
S026C003P051R001A061.skeleton,-17.19121,-28.368246,16.021883,-23.492682,2.209117,-0.39809832,2.4892185,1.240059,61,put on headphone,3
S009C002P008R001A039.skeleton,-26.176935,19.577707,-25.881174,-31.5526,2.3789172,5.306045,1.3803358,-0.4937852,39,put palms together,2
S029C001P048R001A098.skeleton,0.49951273,-40.62276,-21.040766,11.526423,1.5077946,-1.5181593,1.693923,1.3943597,98,arm swings,1
S004C001P003R002A046.skeleton,18.086752,-0.87945956,16.704859,-20.584917,-0.8524774,1.7393122,-1.7434604,-0.30330107,46,back pain,1
S013C003P016R002A052.skeleton,-13.386386,35.912292,-3.3781137,19.000484,1.512052,7.5276003,-1.9600357,-0.08656167,52,pushing,3
S014C002P025R001A018.skeleton,-7.496978,15.975524,41.410492,-3.1815078,0.37694976,4.950001,1.7244632,-0.13804264,18,put on glasses,2
S007C003P016R002A036.skeleton,17.139374,30.21301,-12.210951,-21.688389,-1.4347047,6.818554,0.13498473,-1.0780873,36,shake head,3
S001C002P008R002A004.skeleton,-17.21508,-28.373663,4.432067,-27.378832,2.2331562,-0.44420615,2.7253056,2.796664,4,brush hair,2
S004C003P003R002A046.skeleton,15.142699,6.7051554,2.4308903,-22.058691,-0.7185786,2.563303,-1.5700155,0.27013254,46,back pain,3
S010C002P007R001A059.skeleton,35.3411,-19.102108,-39.92767,14.606012,-1.9671017,0.5164482,-3.7313654,0.54065573,59,walking towards,2
S010C003P007R001A005.skeleton,13.273143,-35.095978,10.88017,-3.6108994,0.31918204,-1.2717294,-1.0957577,-0.07032442,5,drop,3
S017C002P015R001A054.skeleton,12.800921,22.282858,-3.7123282,23.298683,-1.287933,5.720726,1.2325076,0.31350738,54,point finger,2
S011C003P018R002A040.skeleton,-32.121136,-1.750962,4.5136213,-22.121058,3.6397545,3.4240987,2.4258933,2.0077183,40,cross hands in front,3
S014C003P007R001A043.skeleton,31.994734,-22.37706,20.359756,-19.14814,-1.4707831,-0.06038181,-4.2808933,1.4550537,43,falling down,3
S030C003P041R001A100.skeleton,28.804657,-21.822916,-1.1511266,-0.4931569,-1.0741965,-0.57957774,-2.3006434,0.1947032,100,butt kicks,3
S002C002P008R002A051.skeleton,2.779942,-29.977333,-38.61756,-19.207,0.5127157,-1.5601908,1.0976859,0.46618727,51,kicking,2
S021C003P057R002A062.skeleton,-36.233364,-5.696091,24.502768,-1.1398704,3.8805294,2.6617725,1.9116335,1.9557822,62,take off headphone,3
S030C003P085R002A091.skeleton,-35.526726,-0.6391665,-4.907632,0.11167283,3.81894,3.1150448,2.0658455,-3.0112975,91,open a box,3
S020C002P041R002A086.skeleton,23.133062,35.0737,11.442296,-13.3702345,-2.4110491,6.4212756,1.5172529,-1.2284416,86,apply cream on hand,2
S015C003P019R001A057.skeleton,-17.951954,34.8609,-43.372555,13.278352,2.0353029,8.175466,-1.6489744,0.11644861,57,touch pocket,3
S021C002P055R001A086.skeleton,-26.288704,21.750294,-24.39252,-6.120415,2.4740937,5.35801,0.9348219,-0.690141,86,apply cream on hand,2
S017C003P008R001A011.skeleton,-15.185423,-30.990553,37.710785,9.424649,2.4723732,-0.9089045,1.049938,-1.0524836,11,reading,3
S011C003P001R002A030.skeleton,3.7429132,41.071304,7.5565658,-17.707275,-0.26083747,7.1515856,0.70451415,-2.213673,30,type on a keyboard,3
S014C001P007R002A011.skeleton,-35.043816,-7.587213,40.55323,-4.6330976,3.0367298,2.2873275,1.6273491,-2.0280218,11,reading,1
S011C001P002R001A025.skeleton,-10.466207,7.874964,-33.841084,-4.2341876,0.5574531,3.744244,0.63138115,-1.0917401,25,reach into pocket,1
S032C002P103R002A080.skeleton,38.397472,-4.0264463,21.43774,-9.474931,-3.1000443,1.7258707,-5.1387796,3.5209997,80,squat down,2
S013C003P028R002A051.skeleton,-3.999298,36.272552,-42.230164,3.4042747,1.2896221,6.766873,0.48482695,0.5987256,51,kicking,3
S028C003P042R001A081.skeleton,9.681317,-29.93891,-10.80335,-7.263918,0.65029854,-0.23414229,1.3108144,1.4192077,81,toss a coin,3
S015C003P037R002A010.skeleton,-31.838255,-0.83567846,1.866836,16.620274,3.5943468,3.346806,2.7430394,-0.20631504,10,clapping,3
S026C003P051R002A119.skeleton,-38.584167,5.4583077,-40.889645,-30.919989,4.061378,3.356988,2.1009777,0.22158366,119,support somebody,3
S031C003P101R002A068.skeleton,-40.487125,-0.44433004,-6.119774,-21.47324,4.4500437,3.4377453,2.0625327,0.7229179,68,flick hair,3
S011C003P025R002A007.skeleton,-11.547803,23.926392,-14.981924,4.165142,1.409439,5.513087,-0.98845965,0.054320455,7,throw,3
S029C001P067R001A082.skeleton,-4.819629,-34.234898,-16.625322,3.6570573,1.141883,-2.4771717,1.1891439,-2.5295262,82,fold paper,1
S011C003P025R001A059.skeleton,-9.80898,37.02688,-41.80078,-30.39281,1.2883204,7.4560356,-3.1937299,-0.08297159,59,walking towards,3
S017C001P015R002A047.skeleton,-24.681305,-8.421252,-3.9152393,-9.271081,2.709366,2.2775142,1.6440867,1.7188586,47,neck pain,1
S022C003P066R001A068.skeleton,38.05958,34.940125,18.869913,13.055968,-3.7756267,7.679559,1.6531888,1.3047752,68,flick hair,3
S026C003P074R002A117.skeleton,8.766644,-45.46229,6.0641127,4.215571,0.8302872,-1.0269066,-1.5527147,1.1779286,117,whisper,3
S012C001P037R001A039.skeleton,-3.119725,-32.70533,25.919464,9.174142,0.84477156,-2.3884077,2.6424458,0.34327194,39,put palms together,1
S002C003P003R001A040.skeleton,-22.23233,-37.31787,-40.428654,-23.926971,2.502168,-0.806854,2.1916456,0.68768656,40,cross hands in front,3
S021C003P059R002A120.skeleton,10.691756,-12.777494,49.844864,-1.383749,-0.25270367,0.76888496,1.0903407,0.36577687,120,rock-paper-scissors,3
S011C001P015R002A003.skeleton,19.817102,31.506676,-15.233266,-18.676907,-1.8596156,6.7717595,2.0691056,2.2541866,3,brush teeth,1
S006C001P007R001A001.skeleton,9.923072,-39.117386,40.972458,8.080618,0.82593256,-1.8881277,1.7663407,0.09813534,1,drink water,1
S016C002P040R001A008.skeleton,9.534479,10.820327,43.52125,-4.0588703,-0.75932634,3.0973406,-3.5329869,-0.57231724,8,sit down,2
S016C003P040R001A059.skeleton,4.190081,35.867393,-32.85069,-36.996017,-0.23392941,6.1904116,-0.5634758,0.62506324,59,walking towards,3
S029C003P048R002A070.skeleton,-34.560654,2.219766,-19.111364,39.624775,3.9011192,2.8824522,0.563009,1.0027145,70,thumb down,3
S003C001P001R002A049.skeleton,-24.161015,-8.24384,-30.50442,-24.94362,2.5118449,2.1991172,1.5058689,1.7828174,49,fan self,1
S028C003P070R001A064.skeleton,-1.0777102,-15.87664,-4.6391335,-11.641662,1.0458721,0.8090535,0.89588904,0.45120594,64,bounce ball,3
S007C002P017R001A018.skeleton,1.5725448,39.075645,9.83185,-10.001116,0.052865803,6.879879,1.2069063,-0.7490995,18,put on glasses,2
S013C003P007R001A058.skeleton,-6.253565,52.761284,-31.686192,-4.320538,0.49572265,8.970992,0.58720666,0.11524564,58,shaking hands,3
S013C002P019R001A055.skeleton,33.452736,-27.34544,41.84311,-14.846911,-1.3310874,0.873915,-2.1942487,0.8076841,55,hugging,2
S024C003P064R001A105.skeleton,-2.7999027,-23.387074,-8.018573,33.976143,1.2551514,0.035054732,1.4485915,0.37638807,105,blow nose,3
S018C002P045R002A077.skeleton,10.893122,-28.930672,-1.2783499,2.1452198,0.6029433,-0.189758,1.1172719,1.4705324,77,snap fingers,2
S017C003P007R001A010.skeleton,13.027665,0.07771717,41.198204,6.76208,-0.6200123,2.1038642,0.8310896,-0.87190163,10,clapping,3
S003C002P016R001A016.skeleton,-1.9470658,11.43529,-29.526804,-21.35161,1.2872734,4.7224765,-4.1775026,0.6273254,16,put on a shoe,2
S023C002P061R002A102.skeleton,17.06258,-3.3718576,-18.40535,39.811848,-0.7641524,1.671868,-1.010823,-0.56061435,102,side kick,2
S016C003P019R002A013.skeleton,-29.894918,6.0427303,44.50305,7.232302,3.417949,3.0451937,0.30138263,0.5160057,13,tear up paper,3
S015C001P015R001A056.skeleton,2.7747326,19.060585,28.029657,8.932187,-0.33858985,5.3327374,0.1604976,0.08117596,56,giving object,1
S008C001P036R001A001.skeleton,-9.768016,6.265536,34.34821,-9.886733,0.6382708,3.6498568,0.5938435,-0.9115053,1,drink water,1
S010C003P018R001A013.skeleton,26.159487,37.03091,12.623806,-20.151642,-1.6965357,5.9620395,0.5047151,-0.31854105,13,tear up paper,3
S015C001P015R002A035.skeleton,11.801829,23.80603,45.286198,5.093576,-1.4505172,5.8428407,-0.22748756,-2.178208,35,nod head/bow,1
S012C001P015R002A044.skeleton,-21.184404,-9.864878,-2.403184,2.8362362,2.4750602,1.9125432,3.036621,0.63437176,44,headache,1
S013C002P007R002A007.skeleton,13.065593,-12.96828,3.8933911,-12.672014,-0.44516295,0.7370307,0.747426,0.31163573,7,throw,2
S024C002P062R002A068.skeleton,34.59328,32.027885,40.79956,-14.52657,-3.3975518,7.5450444,1.7732656,1.0557195,68,flick hair,2
S008C001P029R001A012.skeleton,-9.785604,7.358027,20.581879,-1.3175946,0.62053686,3.7578437,0.64412016,-1.8174083,12,writing,1
S031C001P082R001A120.skeleton,9.905901,-10.450491,21.615063,-30.650211,-0.3034481,1.0984654,0.8638215,-0.37716162,120,rock-paper-scissors,1
S006C001P017R002A004.skeleton,-20.748493,-12.4128475,4.9617405,16.775362,2.3863215,1.8157785,2.3658407,0.56955266,4,brush hair,1
S026C002P051R002A087.skeleton,-0.62897027,-40.55986,-23.663975,-9.9521675,1.7077941,-1.5812398,0.8435304,0.3593508,87,put on bag,2
S032C002P067R002A078.skeleton,43.786274,31.579887,29.222519,-1.6857113,-4.1970825,7.186304,1.2254683,-0.4143093,78,open bottle,2
S009C002P019R002A002.skeleton,37.146458,28.101868,-43.63894,5.107508,-3.6466405,7.0846233,1.3083113,-1.0336837,2,eat meal,2
S011C003P025R002A044.skeleton,10.976303,23.025978,4.3238063,-16.20404,-1.389095,5.7989206,-1.2378204,0.31842032,44,headache,3
S010C002P017R001A018.skeleton,3.6811268,56.4151,6.517573,77.18007,14.912934,1.6969723,-0.7063165,-0.49607325,18,put on glasses,2
S011C001P002R001A006.skeleton,-2.3726244,11.692509,8.370054,-13.552598,1.2637532,4.7413573,-4.9914923,0.6641543,6,pick up,1
S007C002P019R002A006.skeleton,41.168488,-5.424415,-27.140238,-2.1882966,-3.3554049,1.8131038,-6.355189,2.4453855,6,pick up,2
S029C001P043R001A090.skeleton,0.14515007,-29.682001,-20.809528,12.650452,0.27980128,-1.9826924,-0.36358845,-1.7891573,90,take object out of bag,1
S027C002P006R002A109.skeleton,-29.255026,40.773167,-34.713856,0.19798428,3.0080054,7.4456987,0.85767025,0.3842722,109,grab stuff,2
S029C003P048R002A120.skeleton,-8.482347,53.15479,-37.616196,-0.5068487,0.77757436,8.822605,1.1589477,-0.40085918,120,rock-paper-scissors,3
S019C001P049R002A106.skeleton,23.366587,-23.815111,31.566866,-1.5672085,-0.5948598,-1.7634566,-0.83147705,0.68440765,106,hit with object,1
S007C001P007R002A052.skeleton,21.569248,5.3093915,43.85431,0.90606,-1.6978743,2.1199355,-2.6283882,1.0260178,52,pushing,1
S018C001P041R002A111.skeleton,30.93599,-23.83168,20.849295,-30.484182,-1.7158469,-0.1082843,-4.037211,0.21846922,111,step on foot,1
S026C001P077R001A088.skeleton,-1.2665393,-4.842164,-31.344526,-21.515774,0.69228965,2.0065598,-0.4352932,1.0836897,88,take off bag,1
S008C002P025R001A037.skeleton,-21.664362,25.81296,37.842968,-13.043446,2.0601773,5.8346686,1.6144552,-0.5895795,37,wipe face,2
S027C002P043R001A084.skeleton,-29.595198,-19.779652,25.15185,-1.7038664,2.455805,5.2192297,1.0028632,-1.9503379,84,play magic cube,2
S007C001P019R002A038.skeleton,-31.61436,-33.39609,13.949774,3.8559852,3.4643972,-0.1919612,1.9254453,1.418194,38,salute,1
S010C002P013R001A022.skeleton,1.4888895,41.052597,19.251574,-29.231565,-0.024280317,7.0720744,2.3326483,1.3354259,22,cheer up,2
S027C002P083R002A093.skeleton,23.765789,-37.44558,0.8932312,44.331604,1.098394,-0.6468183,1.8420933,1.3879607,93,shake fist,2
S011C003P017R002A057.skeleton,-41.154972,3.0104148,2.0112104,17.913845,3.9407916,3.5744631,0.34083006,0.10050133,57,touch pocket,3
S011C003P007R001A009.skeleton,36.07989,22.960428,-9.673634,-23.776703,-3.6433392,6.5494437,-3.3042984,-6.2475886,9,stand up,3
S016C001P039R002A021.skeleton,-25.292942,-8.112613,33.26672,19.610783,3.0931108,2.5377958,1.3383751,1.8100592,21,take off a hat/cap,1
S015C002P008R001A018.skeleton,-29.450026,35.78157,14.1794615,2.2621822,2.9542623,6.980397,0.6876341,-0.9279315,18,put on glasses,2
S008C002P033R002A040.skeleton,-19.103552,-28.205744,5.73096,37.793625,2.1873746,-0.104291365,2.41554,0.99008906,40,cross hands in front,2
S006C002P022R002A029.skeleton,-13.603673,-30.765797,-10.560922,12.809337,2.1785798,-2.1750567,1.3028228,-3.1149654,29,play with phone/tablet,2
S008C003P034R001A053.skeleton,-28.757877,-29.032955,-16.44434,-31.280714,3.386292,-0.023648582,0.44000244,-0.6662643,53,pat on back,3
S008C002P034R002A004.skeleton,-5.963303,-14.543093,8.334018,-12.671628,1.2775698,1.0999765,1.8524451,0.8001523,4,brush hair,2
S008C002P031R002A011.skeleton,-13.750537,-37.62629,43.97507,-8.6733055,2.5588179,-1.8957694,1.3355688,-3.241879,11,reading,2
S010C002P018R002A013.skeleton,-18.592665,-33.369633,-5.0188866,-24.695528,2.885417,-1.2045206,1.1776863,-1.6461838,13,tear up paper,2
S025C001P065R002A113.skeleton,-25.631546,-7.9229417,5.1579194,37.66209,3.097141,2.562255,1.4619493,0.93867993,113,cheers and drink,1
S020C002P044R001A085.skeleton,29.368086,30.568634,30.54016,-4.9847937,-2.9068525,7.402052,1.1317402,-0.7844219,85,apply cream on face,2
S017C002P016R002A044.skeleton,23.954678,-24.230356,0.689511,-1.1213366,-0.50327176,-1.8732226,1.6356684,1.3537173,44,headache,2
S028C001P043R001A076.skeleton,-6.1476216,-38.08445,-8.750596,-9.896635,1.6256075,-2.405287,1.1152743,-2.5277703,76,cutting paper,1
S001C001P001R002A044.skeleton,-23.427507,-7.733461,36.949764,10.803326,1.8767408,2.0765,2.2863605,1.7365061,44,headache,1
S027C003P044R001A094.skeleton,24.086626,-37.69443,18.441145,3.3079698,1.3646568,-0.74146897,1.1234907,1.9037919,94,throw up cap/hat,3
S005C003P010R001A036.skeleton,41.16716,32.71575,-12.656143,-21.554054,-3.9545667,7.260481,1.062236,-1.5584623,36,shake head,3
S015C003P015R002A020.skeleton,6.4151564,43.877068,32.786366,3.8129005,-0.4476448,7.336801,0.32210577,-1.4767329,20,put on a hat/cap,3
S027C003P081R001A061.skeleton,-18.920637,-19.743544,24.069647,0.77460766,2.6271439,0.7107521,1.1009905,-2.8002546,61,put on headphone,3
S031C002P097R002A099.skeleton,29.296875,-32.3349,8.686762,0.52588993,-1.1547341,0.5284837,-0.11277419,-0.49599475,99,run on the spot,2
S026C003P051R002A083.skeleton,-18.879232,-46.677063,20.509874,-28.071949,2.9866433,-2.07353,0.96876115,-3.3701549,83,ball up paper,3
S007C002P016R002A005.skeleton,-12.246116,-0.6088787,2.8344254,-12.2507925,1.541559,2.7642417,-1.0758191,0.53447896,5,drop,2
S032C001P041R001A111.skeleton,26.162212,-18.749268,0.25138074,9.7494955,-1.3894241,-0.736917,-3.0924032,-0.26832452,111,step on foot,1
S017C003P020R001A011.skeleton,-17.628166,-34.042362,33.778763,20.17156,2.801973,-1.421133,1.3199297,-3.3100793,11,reading,3
S010C003P019R002A015.skeleton,-38.825615,2.8145688,-22.58139,13.388423,4.3041873,3.4117968,-0.6808752,0.00074887276,15,take off jacket,3
S018C003P043R001A095.skeleton,24.151913,-24.336468,-27.059193,-14.25906,-0.5256692,-1.8037317,0.9796904,2.1189053,95,capitulate,3
S023C003P058R001A082.skeleton,-16.11481,-35.565132,20.559423,15.773114,2.7137592,-1.3897101,1.8099706,-1.4556074,82,fold paper,3
S028C003P073R002A075.skeleton,-37.833042,-0.6168074,-12.1916485,-6.7053638,4.3092895,3.268044,1.9436011,-1.6893069,75,cutting nails,3
S013C001P028R001A005.skeleton,-8.192535,7.3340106,12.48942,12.88436,0.6908542,3.7924082,-0.4437325,-0.56290686,5,drop,1
S032C001P067R001A097.skeleton,1.4998534,-43.405617,-10.454382,39.413887,1.6359842,-1.296674,1.4621044,2.90293,97,arm circles,1
S029C001P088R002A108.skeleton,27.470018,-18.45702,-20.669703,38.05488,-1.3306099,-0.50927997,-0.7141946,-0.8762203,108,knock over,1
S030C003P044R001A094.skeleton,24.499063,-35.938324,-15.053865,38.660416,1.4067461,-0.7775656,2.0263953,2.2212343,94,throw up cap/hat,3
S030C001P041R001A079.skeleton,18.59687,-33.77646,-6.0662403,1.8314155,-0.18065162,-0.3986561,0.29710627,0.35513192,79,sniff/smell,1
S031C002P044R002A084.skeleton,-9.495424,-38.14576,-12.019016,-11.253412,2.0922718,-2.4429345,1.2279239,-3.171468,84,play magic cube,2
S014C001P008R002A051.skeleton,-2.0924659,-30.020796,2.8680353,17.017946,0.49828643,-2.2252784,-1.0797102,1.0379996,51,kicking,1
S014C002P027R001A030.skeleton,-38.783882,4.6005692,44.538883,-4.6283193,4.3018537,3.3749835,1.1773186,0.18672223,30,type on a keyboard,2
S015C001P016R002A060.skeleton,4.7637587,54.88556,4.8773794,75.040344,14.909734,1.6964947,-0.27022234,-0.56784004,60,walking apart,1
S032C001P102R002A099.skeleton,-22.189474,2.8338954,-24.700775,-4.278613,2.43393,2.6800246,0.37243202,-1.1054183,99,run on the spot,1
S027C001P086R002A092.skeleton,33.20415,-26.204895,14.10651,19.112152,-1.3477868,0.9106285,-2.2142982,0.43942225,92,move heavy objects,1
S030C003P093R001A103.skeleton,-4.4981713,-20.147938,-2.7507951,-18.282059,1.3186966,0.4811687,1.7638243,1.6293722,103,yawn,3
S023C002P059R002A076.skeleton,-15.780398,-38.502605,0.8672106,1.0525465,2.7169776,-1.6265348,2.1166482,-2.4997509,76,cutting paper,2
S026C001P050R001A102.skeleton,23.561314,14.148816,-28.583393,-32.898327,-0.7077845,5.7834783,-2.9824593,-1.0199502,102,side kick,1
S007C002P015R002A016.skeleton,24.341898,40.066208,7.3143506,-9.549814,-2.2787464,6.076087,0.13743907,-1.3175656,16,put on a shoe,2
S031C001P097R001A085.skeleton,-4.7558975,-38.05893,-6.0054283,-20.60097,1.3861192,-2.2927163,1.9982058,-1.8972827,85,apply cream on face,1
S032C003P067R001A103.skeleton,9.405893,-28.028606,-14.787957,39.05933,0.5959334,-0.15037785,1.6927146,1.351148,103,yawn,3
S022C001P061R001A081.skeleton,-8.480712,4.1482983,7.0299897,60.745583,0.8506914,3.4490092,0.5678506,-0.44219828,81,toss a coin,1
S008C003P029R002A014.skeleton,10.4983225,28.922054,17.999836,-5.832634,-0.8840795,6.579959,1.9323605,0.14178586,14,put on jacket,3
S027C003P079R002A097.skeleton,-39.900375,-0.5038741,17.282328,2.8649397,4.451198,3.2828429,0.76869285,0.929829,97,arm circles,3
S011C001P002R002A017.skeleton,7.7881136,35.424656,6.6820536,-10.796616,-0.4769446,6.8038936,-2.6245747,-0.82363814,17,take off a shoe,1
S020C001P054R001A119.skeleton,32.213573,-29.143183,28.27403,-10.713731,-1.230825,0.72793156,-1.3166406,-0.703126,119,support somebody,1
S007C003P008R001A010.skeleton,35.761047,28.395615,9.384187,-19.011705,-3.536773,7.1254234,1.2421899,-0.6159035,10,clapping,3
S032C003P008R001A080.skeleton,39.397007,-4.671658,-2.4378707,-9.98476,-3.2925365,1.7665466,-7.0396805,1.52391,80,squat down,3
S027C001P086R002A090.skeleton,-7.180188,-28.085085,14.61721,17.982887,2.2908645,-1.6002156,1.1149834,-2.8006015,90,take object out of bag,1
S019C003P050R002A108.skeleton,-11.49435,36.5619,19.157818,0.4568331,1.3253225,7.4601007,-1.6801827,0.3754362,108,knock over,3
S008C002P035R001A019.skeleton,-24.000322,20.62601,43.71387,-8.902789,2.3165877,5.3418274,1.3724372,1.1272343,19,take off glasses,2
S030C002P092R002A119.skeleton,24.826618,7.810449,-22.528284,39.758953,-1.6901665,2.423988,-5.4548836,0.24364193,119,support somebody,2
S008C002P031R002A052.skeleton,-17.47022,36.958717,-28.990034,-2.0213158,2.014759,7.9870086,-1.4657832,0.4857277,52,pushing,2
S027C003P011R001A065.skeleton,-28.172619,-15.087387,9.702278,-16.129887,3.0803752,1.5149559,-0.22691162,0.13779098,65,tennis bat swing,3
S022C002P066R002A100.skeleton,27.840132,-21.943481,42.783585,-6.6793327,-0.9345848,-0.7254418,-1.5576061,0.51195127,100,butt kicks,2
S020C003P052R001A102.skeleton,23.29009,-25.491684,30.64937,-2.679931,-0.47282684,-1.7006315,-1.9307408,0.40474734,102,side kick,3
S013C001P018R002A007.skeleton,-25.935616,-2.7859664,4.674808,-13.574121,2.4078476,2.8812337,0.8991309,0.97931516,7,throw,1
S017C003P009R001A052.skeleton,22.74311,3.169466,4.2239647,20.93814,-1.6514992,1.7739701,-2.8585308,-1.4391112,52,pushing,3
S008C003P025R002A022.skeleton,3.6811268,56.4151,6.517573,77.18007,14.909733,1.6958334,-0.70631635,-0.49607283,22,cheer up,3
S007C001P017R002A040.skeleton,-12.405644,-6.490004,-9.7405615,37.350903,1.6386395,2.2456863,2.242999,1.943867,40,cross hands in front,1
S030C001P081R002A085.skeleton,-18.993536,-9.816374,-3.1904354,-1.2427584,2.743742,1.9221374,0.9245479,-3.040164,85,apply cream on face,1
S008C001P033R002A001.skeleton,-33.98435,-6.710107,31.378448,-1.8973746,2.6009357,2.5075958,1.4557743,0.7678907,1,drink water,1
S013C002P007R002A003.skeleton,39.620155,29.53972,9.053578,-12.111843,-3.4403052,7.140593,1.8903322,0.86387795,3,brush teeth,2
S026C002P076R001A120.skeleton,-5.27077,53.55609,-44.990204,3.2885869,0.44941208,8.978863,0.1722123,-1.3840814,120,rock-paper-scissors,2
S031C003P096R002A116.skeleton,-42.485428,-1.3723029,0.24765961,16.578455,4.42971,3.3472753,-2.9415684,-0.18574029,116,follow,3
S005C001P010R001A002.skeleton,31.245111,31.829845,10.246331,-0.795093,-3.1228192,7.616144,1.297188,0.17553312,2,eat meal,1
S021C001P058R002A109.skeleton,20.933792,-8.479808,4.678989,70.21894,-2.0082026,-1.6509417,-0.43002963,0.8038682,109,grab stuff,1
S024C003P057R002A067.skeleton,-6.8334947,52.249874,-8.011733,33.81313,0.55490613,8.945542,1.0361222,-0.23718975,67,hush,3
S031C001P008R001A112.skeleton,33.76705,-28.920122,-12.550553,-31.798655,-1.1966119,0.74539834,0.6235015,0.609832,112,high-five,1
S006C003P024R002A039.skeleton,1.2517366,36.260216,41.007835,-7.512359,0.5700664,6.562101,1.1551205,-0.41285127,39,put palms together,3
S018C003P042R001A064.skeleton,40.32134,-1.9616773,-21.47331,-22.432436,-3.0650778,1.7958492,-4.2343745,0.06260746,64,bounce ball,3
S002C003P014R001A049.skeleton,4.269838,-33.62586,-40.55616,-15.780317,0.83610404,-1.1945584,0.6310214,0.95642257,49,fan self,3
S008C003P035R002A040.skeleton,-13.106732,48.33724,6.948018,37.386093,1.2053944,8.229266,2.1773717,-0.29198176,40,cross hands in front,3
S024C002P060R002A083.skeleton,-12.93617,-45.357918,41.484234,-16.009312,2.784903,-2.387479,1.283583,-2.5090694,83,ball up paper,2
S032C003P102R002A111.skeleton,33.625957,36.86336,-32.275978,-36.22221,-3.526997,7.438944,0.33213255,-0.3924471,111,step on foot,3
S022C002P065R001A106.skeleton,-21.000162,21.393707,20.890694,-15.887997,2.038707,5.538398,0.9594171,2.1660905,106,hit with object,2
S018C002P042R001A074.skeleton,-25.47729,26.0984,17.856453,-21.227806,2.3704758,5.91625,1.0623047,-1.119732,74,counting money,2
S020C002P008R001A071.skeleton,-29.146996,47.081715,-9.058284,38.4843,3.6193888,8.235423,-0.7158035,-0.032535646,71,make OK sign,2
S031C002P101R002A093.skeleton,10.530691,-15.608888,6.071884,63.356007,-0.11545257,0.54406136,1.2216358,2.0641007,93,shake fist,2
S029C001P044R001A070.skeleton,14.156298,-22.484781,-1.0393516,62.911846,-0.44234547,-1.1536056,1.1218125,1.3552381,70,thumb down,1
S019C003P046R002A117.skeleton,22.221766,-25.905733,29.89059,18.981638,-0.1159503,-1.7967563,-1.4403673,0.6720638,117,whisper,3
S014C003P025R001A032.skeleton,5.5225716,18.337748,30.383898,24.15247,-0.7833411,5.431173,0.39639682,0.5977763,32,taking a selfie,3
S003C001P018R002A044.skeleton,-16.68709,-10.583769,-42.555267,8.106927,2.166849,1.88636,1.3826009,0.73580796,44,headache,1
S003C002P007R001A050.skeleton,-27.301027,-6.0206738,3.2980716,-28.75466,2.7596903,2.8478522,-0.9583578,1.1329728,50,punch/slap,2
S023C002P055R002A104.skeleton,4.415222,-50.233624,-14.6830845,-2.2953782,1.5554534,-1.0340133,1.4234169,3.8468618,104,stretch oneself,2
S023C001P056R001A096.skeleton,-17.210012,7.1119037,0.3019884,10.444094,1.836416,4.173022,1.7743835,0.27467656,96,cross arms,1
S026C001P072R002A067.skeleton,1.7365444,-14.3350315,5.6919465,62.784924,0.4635898,0.8573752,1.1786274,0.6279886,67,hush,1
S023C003P064R001A111.skeleton,-5.8142123,24.947897,-14.313861,18.537416,4.463179,8.754496,0.4281361,0.031351328,111,step on foot,3
S011C001P019R002A051.skeleton,-14.749137,32.09398,-24.633402,-9.575683,1.567031,6.5401936,-2.1799953,-0.5460892,51,kicking,1
S031C003P044R002A072.skeleton,-36.11304,2.316009,-3.4182837,48.215427,3.9570448,3.0916207,-0.1408137,1.4091552,72,make victory sign,3
S032C003P105R001A082.skeleton,-15.351127,-44.830387,36.341473,9.479556,2.535588,-2.2699451,0.6041584,-2.0632124,82,fold paper,3
S025C002P056R002A108.skeleton,-3.3473833,1.7933147,4.0271363,70.46965,1.7989446,3.4842818,-4.153586,1.1744295,108,knock over,2
S002C001P012R002A046.skeleton,-23.296307,-3.3691566,-37.935024,-23.275864,2.178187,2.804742,-1.0601155,0.40528595,46,back pain,1
S013C001P027R001A041.skeleton,17.42241,-26.400904,-13.297085,-22.375973,-0.26428187,-1.3150561,-0.37191784,-0.82262826,41,sneeze/cough,1
S001C002P004R001A059.skeleton,23.90612,4.9117703,50.83544,-10.470985,-1.7003375,1.9895496,-4.885297,-0.6311287,59,walking towards,2
S005C001P021R002A057.skeleton,-29.81583,-32.394184,-22.867413,12.610156,3.4951792,-0.20073266,0.89799106,1.5541115,57,touch pocket,1
S032C001P104R002A082.skeleton,-24.630735,-41.58297,11.216195,-19.512493,2.9738362,-1.0756721,0.9426532,-1.9546776,82,fold paper,1
S002C001P003R001A006.skeleton,37.553528,-25.424072,-35.337597,-2.5107832,-1.7556449,1.2240677,-3.4222646,-0.9909739,6,pick up,1
S030C003P088R002A096.skeleton,-14.183211,48.765427,-10.985542,-12.645478,1.2660422,8.303317,1.8534511,0.11634493,96,cross arms,3
S032C002P044R001A090.skeleton,-17.232672,7.080083,9.169293,-18.113642,1.2100558,-1.4066325,0.99602586,-1.3180072,90,take object out of bag,2
S031C003P098R001A069.skeleton,-5.7333655,-41.68101,-12.452504,38.824062,2.168968,-1.6063759,0.96779937,-1.7140303,69,thumb up,3
S012C003P028R001A040.skeleton,-11.75322,-7.82002,20.538,2.9607062,1.6907923,2.232448,1.479639,0.74780416,40,cross hands in front,3
S008C003P019R001A014.skeleton,14.348423,-1.2765784,31.66166,-5.0190716,-0.65887076,1.9848121,0.4914976,-0.30792087,14,put on jacket,3
S022C003P061R001A120.skeleton,-41.79915,1.7565184,-18.834793,-22.301893,4.1363344,3.6879778,-0.5026876,0.58084,120,rock-paper-scissors,3
S007C002P026R002A045.skeleton,-13.076639,-10.670043,40.80481,-12.750769,1.7056161,2.441137,-0.4705118,-0.49245924,45,chest pain,2
S013C003P007R001A016.skeleton,44.61264,28.635792,2.5330145,-9.232326,-4.10404,7.0371146,-1.1385689,0.15107429,16,put on a shoe,3
S006C003P008R002A042.skeleton,-15.743029,46.776077,37.72067,1.3294662,1.0239341,7.991462,-1.9254528,0.48566318,42,staggering,3
S002C001P007R001A018.skeleton,3.9285254,-42.488827,-41.38305,-9.3331375,1.3465852,-1.4529736,1.8034233,2.132092,18,put on glasses,1
S006C001P008R002A014.skeleton,36.504475,35.131233,28.926851,19.13383,-3.6951365,7.695294,1.3372859,1.1434034,14,put on jacket,1
S002C003P007R002A047.skeleton,-39.5612,-4.7086134,-41.142277,-23.678946,4.2274327,2.8933587,0.3472683,1.4214054,47,neck pain,3
S011C003P038R002A044.skeleton,-31.952583,3.181097,-2.836964,2.0582871,3.5712442,2.899214,-0.11420196,-0.13126697,44,headache,3
S002C002P003R001A001.skeleton,-23.420242,-39.01122,-45.849895,7.6562715,2.652499,-0.79526216,1.6835126,1.8457477,1,drink water,2
S018C003P008R002A116.skeleton,24.223606,2.682914,-29.69342,-10.268546,-1.7628171,1.6731446,-3.3189466,-1.8967233,116,follow,3
S014C001P008R001A005.skeleton,-6.869475,7.7703543,15.800639,-18.60112,0.78277224,3.929386,-1.2150049,-0.431885,5,drop,1
S025C002P055R002A097.skeleton,4.9354606,-50.62987,28.57342,-9.08356,1.5009382,-1.0854759,1.3006678,2.93527,97,arm circles,2
S030C002P008R001A109.skeleton,-3.8612366,8.358551,-4.2644105,48.636143,1.2479498,4.2895164,-1.3028917,0.8681853,109,grab stuff,2
S020C001P054R001A104.skeleton,3.7865417,-41.11244,23.527664,11.095905,1.3050841,-1.5245361,1.6540163,2.4363737,104,stretch oneself,1
S011C002P017R001A035.skeleton,-23.721754,35.936043,21.87025,-25.546812,2.0644538,6.9015903,-0.24966085,-0.32256907,35,nod head/bow,2
S018C001P044R002A094.skeleton,13.131883,-11.057879,26.462992,-20.89191,-0.5230734,0.8912569,1.4481076,0.54267156,94,throw up cap/hat,1
S017C002P015R001A031.skeleton,-0.7397901,22.482605,28.006714,19.634432,0.17744651,5.549389,-0.0074887276,0.040577874,31,point to something,2
S007C001P025R002A038.skeleton,8.845592,18.790865,0.35418582,19.282375,-0.6565656,5.060264,0.2290994,1.1335821,38,salute,1
S007C001P027R002A033.skeleton,-20.009123,-40.723026,22.90321,-24.953215,3.1421146,-1.9020563,0.93736136,-1.9853309,33,check time (from watch),1
S003C001P002R002A048.skeleton,35.74403,3.3356917,-35.27794,-20.467709,-2.6141524,2.2039592,-2.8144886,-0.47225583,48,nausea/vomiting,1
S029C002P043R001A099.skeleton,-22.185917,22.16879,-11.080445,-8.354262,2.2092557,5.5620365,0.69555974,0.33296913,99,run on the spot,2
S014C001P037R001A005.skeleton,-7.897159,5.82417,5.1171174,0.6569871,0.95067674,3.8039808,-0.6930077,0.057754755,5,drop,1
S018C003P042R001A062.skeleton,2.0326185,-47.665615,-39.690178,-11.0681715,1.8752358,-1.0060772,1.7169456,2.5046926,62,take off headphone,3
S031C001P101R002A091.skeleton,-16.094416,-45.612167,-15.767867,40.463326,2.776119,-2.2579849,1.0511,-2.161605,91,open a box,1
S008C001P036R002A042.skeleton,-24.506512,-1.4374609,31.81636,-3.0352397,2.5338175,3.0034695,-2.447745,1.0105268,42,staggering,1
S011C003P018R001A014.skeleton,3.40453,-2.8301244,-22.137323,-28.791616,3.3060806,1.4076215,0.64281994,-2.1146665,14,put on jacket,3
S020C001P054R002A094.skeleton,-18.886646,-42.257694,22.761713,10.568523,3.0715146,-1.9997234,1.610167,-1.6702828,94,throw up cap/hat,1
S030C002P085R002A082.skeleton,-12.672067,-45.270187,-15.245605,-6.053622,2.6569185,-2.4694972,1.3859547,-2.5386047,82,fold paper,2
S030C001P092R001A115.skeleton,-8.524883,-31.722567,22.658405,-31.856115,2.5550091,-0.97368145,-0.12052792,-0.75703293,115,take a photo,1
S018C002P044R002A078.skeleton,-1.6594746,-41.748867,-2.8529553,2.1626458,1.9681329,-1.2736195,0.53798854,1.1979834,78,open bottle,2
S013C002P007R001A022.skeleton,20.272333,28.220703,-23.815058,-2.6356225,-2.0996594,7.083943,1.4758872,0.593472,22,cheer up,2
S013C002P016R002A010.skeleton,22.872084,33.27689,7.3507767,-9.560009,-2.430091,6.985948,2.008927,-0.55893475,10,clapping,2
S032C001P104R002A101.skeleton,32.726986,35.005814,17.891256,23.899408,-3.5177286,7.420177,0.124859326,-0.40111598,101,cross toe touch,1
S012C001P025R001A015.skeleton,-5.423999,-42.29618,9.03175,1.1506587,1.9656923,-1.4392895,0.14028382,0.8344728,15,take off jacket,1
S029C002P067R001A108.skeleton,-12.3407135,23.523426,0.4371573,8.365159,1.52333,5.636784,-2.0755534,0.11397594,108,knock over,2
S007C001P026R002A028.skeleton,-18.853151,-11.474055,34.569595,-13.569031,2.4608996,1.7416146,1.2835827,-2.1132941,28,phone call,1
S005C001P010R001A012.skeleton,30.256699,31.503683,12.100446,0.90605,-2.8874726,7.540105,0.8191053,-1.226446,12,writing,1
S008C003P034R002A057.skeleton,-10.612713,35.368202,52.23813,-0.7726589,1.3146396,7.4224606,-3.0152268,-0.44976822,57,touch pocket,3
S019C001P042R001A096.skeleton,-2.7511349,-33.828106,-15.029108,-32.820705,0.8498678,-2.4006445,1.9851,-1.1907927,96,cross arms,1
S030C002P081R002A092.skeleton,22.445116,8.78661,-2.8086195,-9.650671,-1.8126326,2.7898543,-5.7755494,1.3440883,92,move heavy objects,2
S026C001P076R002A078.skeleton,-17.527328,-34.60096,-22.520668,-29.958294,2.7631216,-1.2845153,1.2818964,-2.581727,78,open bottle,1
S008C001P029R001A050.skeleton,-29.137383,-4.4579544,16.393272,-34.92447,2.8482685,2.922278,-0.74365306,0.94494206,50,punch/slap,1
S021C003P057R002A072.skeleton,-40.040157,-3.4051945,8.886711,-12.399644,4.3348184,3.0682998,0.47928667,1.6050452,72,make victory sign,3
S023C001P064R001A073.skeleton,-13.015568,-33.191673,9.605173,7.059831,2.1566496,-1.7825526,1.6583873,-3.3200562,73,staple book,1
S023C003P061R002A064.skeleton,6.2354393,43.230785,18.423716,20.26744,-0.4278066,7.3441343,-0.4141221,-1.5811497,64,bounce ball,3
S005C001P016R001A041.skeleton,-3.1292121,-31.19442,-14.756513,-1.1864407,0.58850336,-2.3650575,0.74705887,0.20445828,41,sneeze/cough,1
S005C002P016R002A057.skeleton,-6.9111466,26.924063,-44.25391,15.262563,4.409486,8.75268,0.3025354,-0.18168825,57,touch pocket,2
S016C002P021R001A016.skeleton,29.385315,24.399807,46.378902,2.2692425,-2.7425425,6.674974,-3.8430693,-3.1174734,16,put on a shoe,2
S023C002P056R001A093.skeleton,-17.886076,20.344461,-16.299488,7.0056424,1.6071407,6.2336135,0.80412024,0.26438758,93,shake fist,2
S022C001P065R002A097.skeleton,-26.788212,-4.0379415,14.414099,-0.020473696,2.6218436,2.8429494,0.9877501,2.0010283,97,arm circles,1
S032C003P041R001A067.skeleton,11.412011,-13.472623,-13.337422,37.433575,-0.26010743,0.7153707,1.2242589,1.1071202,67,hush,3
S007C001P018R002A032.skeleton,-19.236574,-12.754605,32.91773,-13.22114,2.5512927,1.4310422,1.3550106,-1.7385943,32,taking a selfie,1
S032C001P041R001A117.skeleton,25.428066,-15.332315,-2.8566566,44.391457,-1.0979561,-0.3137179,-2.0024652,0.8300809,117,whisper,1
S023C002P060R001A098.skeleton,-28.894102,37.7081,-21.701315,6.434684,3.018392,7.0889354,0.42212772,-0.28767484,98,arm swings,2
S015C003P015R001A058.skeleton,-8.466139,-7.2713776,22.178133,8.880587,1.2592934,2.1274004,0.17789882,0.37058344,58,shaking hands,3
S014C001P039R001A053.skeleton,8.766707,-43.46529,42.85727,-19.358229,0.89928365,-0.94810086,0.4731553,-0.21390282,53,pat on back,1
S007C002P015R001A044.skeleton,-9.037963,16.061188,-11.903842,-22.931175,0.75017905,4.880509,1.7335413,0.7784087,44,headache,2
S009C003P016R001A039.skeleton,-15.452525,-19.077541,-36.223663,-6.433872,2.3604572,0.6414222,1.0162122,-1.7351887,39,put palms together,3
S016C002P007R001A001.skeleton,-14.019315,11.111316,39.094154,8.078803,0.9780246,4.8157945,0.9249089,-0.052495454,1,drink water,2
S019C003P042R002A084.skeleton,13.891769,27.276058,18.298891,13.657527,-1.088891,6.7023454,0.9710339,-0.20186634,84,play magic cube,3
S031C003P085R001A076.skeleton,-11.979362,-43.8745,-18.241934,-3.2896166,2.6372085,-2.369602,1.3505919,-2.428102,76,cutting paper,3
S016C001P007R002A049.skeleton,15.30041,-1.3970004,41.04633,-5.3341384,-0.68959,1.9218628,-0.07297325,0.5946867,49,fan self,1
S014C001P015R002A048.skeleton,-17.709352,-8.280852,10.315965,-1.8282869,2.127204,2.1204054,-0.054430664,-0.20971054,48,nausea/vomiting,1
S022C003P064R002A099.skeleton,-16.669222,38.37632,-7.273205,22.19047,1.8865405,7.6350245,-0.18275732,-0.20826471,99,run on the spot,3
S025C001P056R001A061.skeleton,-10.648681,17.573088,34.91229,0.5939983,0.9143315,5.005978,1.7378427,1.8047793,61,put on headphone,1
S015C001P019R002A048.skeleton,36.46591,3.3934116,8.806155,8.84812,-2.6361392,2.079994,-2.36539,-0.7906767,48,nausea/vomiting,1
S006C001P024R002A004.skeleton,23.24112,40.244556,47.120796,-3.8660126,-2.3251452,6.0708404,-0.063423544,-0.004159263,4,brush hair,1
S025C001P065R002A099.skeleton,-21.078768,-3.3349957,-9.145192,38.0334,2.2789373,2.6478481,-0.7550643,-1.6468692,99,run on the spot,1
S022C002P064R001A077.skeleton,-19.943289,15.332524,-35.403328,15.941487,1.5445979,6.317768,2.4296274,0.59702116,77,snap fingers,2
S014C003P025R001A003.skeleton,38.182056,34.61275,37.432686,5.0200357,-3.7408407,7.625327,1.5101058,0.46567726,3,brush teeth,3
S001C001P003R002A029.skeleton,-17.271034,-42.27532,37.285122,9.026397,2.9235492,-2.0592673,1.3255275,-4.04416,29,play with phone/tablet,1
S013C001P025R002A008.skeleton,37.90929,-0.9538852,15.740751,-33.346516,-2.9214346,1.8071232,-4.1414785,-0.40218914,8,sit down,1
S002C003P014R001A043.skeleton,36.00598,-21.69869,-41.657764,-18.752419,-1.9084877,0.65697855,-4.167724,0.5646915,43,falling down,3
S018C001P042R002A088.skeleton,-28.798225,-37.54465,38.92489,-6.6458974,2.7271152,-0.44785494,2.5951622,2.2213619,88,take off bag,1
S026C003P076R002A079.skeleton,-29.760048,-31.765966,-17.441011,40.666206,3.4753437,-0.22036503,1.7937376,0.19858904,79,sniff/smell,3
S012C002P007R001A025.skeleton,3.5536425,-27.600414,36.43356,10.284069,0.27044672,-1.5829852,0.4423399,-0.0011619265,25,reach into pocket,2
S014C003P008R001A037.skeleton,-4.528776,-19.51467,0.6121711,-27.045582,1.2958976,0.60696775,1.8956865,1.0234492,37,wipe face,3
S023C003P064R002A117.skeleton,24.728405,4.0620785,-2.4462402,20.554667,-1.7000469,1.9185184,-2.9448962,-0.9480545,117,whisper,3
S030C003P094R002A090.skeleton,-31.595438,6.5173364,-6.8248386,-2.754096,3.3724375,3.225128,0.96671283,-0.35543954,90,take object out of bag,3
S004C001P007R001A003.skeleton,44.814327,29.815445,-8.839914,11.681546,-4.1052265,7.093379,1.3793272,-0.4465242,3,brush teeth,1
S031C002P042R001A062.skeleton,-26.5491,20.865078,-7.035839,-6.750087,2.4827352,5.325078,1.539358,0.25640637,62,take off headphone,2
S028C001P008R001A099.skeleton,6.875715,-22.589115,-25.920683,-5.75152,-0.22525762,-0.61387837,0.59497225,-0.5732816,99,run on the spot,1
S023C002P059R002A112.skeleton,14.081202,-28.818293,-1.8693504,1.0489476,0.058319505,-1.3753347,0.32086015,1.0170429,112,high-five,2
S031C002P082R001A078.skeleton,-26.394175,37.101894,-15.796761,39.382072,2.6306975,7.0388174,0.70606756,-0.21415064,78,open bottle,2
S025C001P056R002A070.skeleton,-3.7255902,4.027586,4.8741074,72.51228,1.4290133,4.0400963,-1.3379595,1.3612596,70,thumb down,1
S005C003P013R001A021.skeleton,33.38552,33.877243,-12.902356,-20.43454,-3.4034958,7.569445,0.91709876,-0.121448874,21,take off a hat/cap,3
S029C002P074R002A089.skeleton,-2.1182017,19.034567,50.805073,-7.775491,0.47319865,5.4364405,-1.5148813,-0.05556023,89,put object into bag,2
S024C003P067R001A093.skeleton,8.347205,-32.145638,-6.0461364,13.271617,0.948457,-0.5478362,1.1624202,2.8962018,93,shake fist,3
S028C003P042R002A078.skeleton,-36.23291,-5.6447806,-9.602604,-6.251393,4.0348763,2.7291236,1.8184713,-2.1368806,78,open bottle,3
S010C003P025R001A006.skeleton,35.67624,-5.3089757,-34.353077,-3.2450514,-3.2807314,1.6656135,-6.876969,3.0730376,6,pick up,3
S009C003P025R002A001.skeleton,-32.073658,1.2768055,-37.339664,-8.57675,3.6646378,3.3126707,1.9089999,-0.4989159,1,drink water,3
S001C002P007R002A022.skeleton,38.1651,27.956093,29.159424,-11.800135,-3.6215782,7.0984483,1.5814217,1.0742133,22,cheer up,2
S028C003P048R002A083.skeleton,33.79065,35.388092,37.826366,-13.686231,-3.5370796,7.49498,0.5501308,-1.2438084,83,ball up paper,3
S005C002P015R002A028.skeleton,-10.018029,-10.074193,-41.52669,1.3899275,1.5220175,1.8781619,1.9688201,0.74997413,28,phone call,2
S013C001P025R001A013.skeleton,32.314552,29.764372,6.5207443,-9.4168415,-3.0033112,7.4752955,1.7936097,-0.31772104,13,tear up paper,1
S011C002P001R001A048.skeleton,-15.411742,43.114433,1.06553,-11.05102,1.8010458,7.382477,-1.8800565,-0.34781164,48,nausea/vomiting,2
S020C002P052R002A066.skeleton,-11.00954,-42.264732,41.440716,0.16468439,2.4401464,-2.1501918,1.3372552,-2.212014,66,juggle table tennis ball,2
S007C003P016R002A024.skeleton,-43.37004,3.6983824,-21.347162,5.0672445,4.1854973,3.5138674,-3.0976214,-0.98913217,24,kicking something,3
S019C003P041R001A109.skeleton,35.878498,-21.00748,-2.5980804,20.502308,-1.962435,0.60317,-3.122745,0.97319204,109,grab stuff,3
S011C002P028R001A016.skeleton,12.0475855,33.648983,-24.811985,-1.8613654,1.1389121,6.571916,-2.8581905,-0.6992072,16,put on a shoe,2
S027C001P082R002A076.skeleton,-21.122839,2.5538173,12.080596,18.018518,2.286023,2.444327,1.7375376,-2.4645941,76,cutting paper,1
S024C001P062R002A111.skeleton,23.082397,-10.094354,4.39539,72.608246,-1.8801812,-1.7630506,-1.1256673,1.2996235,111,step on foot,1
S022C001P065R002A116.skeleton,23.978476,3.9476557,-42.50059,9.968573,-1.7221364,1.883355,-4.287111,-1.0028784,116,follow,1
S026C003P050R002A065.skeleton,4.430732,37.68746,-30.389769,-8.831113,-0.54190236,6.373651,0.40380788,-0.8436159,65,tennis bat swing,3
S030C001P095R002A072.skeleton,22.385626,-9.78206,4.5104284,73.44768,-1.9365071,-1.7984258,0.27313018,1.2051761,72,make victory sign,1
S013C002P017R001A044.skeleton,-27.465443,41.429543,21.889875,-11.35704,3.1071827,7.602437,0.37622464,-0.36542726,44,headache,2
S003C001P007R001A047.skeleton,10.277383,-35.432056,-38.740837,9.421273,0.51655775,-1.4033884,1.2031817,0.38365865,47,neck pain,1
S009C001P017R001A022.skeleton,-10.306167,17.249916,-23.40893,-30.522463,0.9416821,5.105499,2.14156,1.9637117,22,cheer up,1
S009C003P017R002A059.skeleton,26.189148,8.8668,-8.50351,22.745451,-1.7166045,2.45949,-3.7295597,-1.8423191,59,walking towards,3
S026C001P069R001A106.skeleton,-12.504905,7.0973887,-31.440027,-22.917118,0.68622667,3.5212097,1.2297529,0.55243784,106,hit with object,1
S026C002P041R002A061.skeleton,1.0255725,-50.55006,-23.048128,-14.038395,1.5783795,-0.8320203,2.0816884,2.4070382,61,put on headphone,2
S002C003P010R001A050.skeleton,-16.871298,36.22198,-41.805317,-30.402933,1.9895481,8.1208105,-0.51809907,-0.4931932,50,punch/slap,3
S010C002P021R001A049.skeleton,-11.631354,16.879354,-15.483109,-11.598671,0.94686794,4.999468,1.3012242,0.21769767,49,fan self,2
S023C001P062R002A089.skeleton,6.8296227,2.7932408,13.403266,14.258891,3.7872584,1.822621,1.165099,-1.6936922,89,put object into bag,1
S024C001P060R002A097.skeleton,-29.211885,-39.15658,5.8110065,35.31988,2.5692883,-0.4240044,1.8949153,3.3319545,97,arm circles,1
S003C003P017R001A034.skeleton,-14.152178,-11.826793,-42.820297,-27.546274,1.891497,2.1600287,0.6885463,0.99179685,34,rub two hands,3
S010C001P015R001A005.skeleton,-7.5604215,8.538297,-26.36083,-6.1887317,0.66687685,3.8793476,0.6537272,-1.3259125,5,drop,1
S022C003P061R001A114.skeleton,19.974337,11.21787,-18.694056,-21.490944,-1.9955916,2.9210107,-4.1377854,0.12771496,114,carry object,3
S008C002P007R001A008.skeleton,39.911076,-9.996197,49.331234,-1.8654157,-3.6994553,1.2693186,-4.5582037,1.1164868,8,sit down,2
S014C001P027R002A056.skeleton,-23.849333,42.206253,-20.997301,12.389362,2.6328611,7.705066,0.5666123,-0.42343992,56,giving object,1
S010C001P021R001A004.skeleton,-8.412175,5.423069,-28.049168,-31.554457,0.80730706,3.5895388,1.3682624,0.90810204,4,brush hair,1
S001C003P004R002A040.skeleton,-26.874533,-36.761154,2.2539132,-28.636375,2.820588,-0.28707945,2.3077743,2.8738835,40,cross hands in front,3
S029C003P044R002A084.skeleton,-4.25653,51.005215,-21.614847,5.692822,0.29863653,9.041272,0.4696815,-1.2062978,84,play magic cube,3
S013C001P018R002A057.skeleton,-28.340908,-4.6194797,-12.272056,15.765912,2.7875805,2.940511,-0.3139683,0.91451526,57,touch pocket,1
S029C002P088R002A071.skeleton,10.3066635,-25.673784,4.6219954,67.43778,0.41298783,-0.10903474,1.2373366,1.2566855,71,make OK sign,2
S031C002P082R001A114.skeleton,16.415737,33.602833,12.70098,-34.033504,-1.6810787,6.804319,-0.37364423,-0.8036595,114,carry object,2
S029C001P048R001A085.skeleton,-2.7225313,-35.511158,-18.183136,5.7041454,1.1353232,-2.426872,2.2026212,-1.173715,85,apply cream on face,1
S029C001P043R001A089.skeleton,-7.188937,-35.216816,-21.191044,12.1598835,1.7568393,-2.4224663,0.5128502,-3.3241568,89,put object into bag,1
S032C003P102R001A098.skeleton,34.423996,38.09863,-32.77802,-36.36595,-3.7068353,7.680655,0.26548716,-0.13954502,98,arm swings,3
S012C003P016R002A036.skeleton,-7.313495,43.592453,-9.346877,14.078868,0.87178457,7.5926733,-0.21207011,-0.6092395,36,shake head,3
S015C003P037R001A017.skeleton,22.545174,-23.754812,-0.32200104,-7.404174,-0.49166405,-1.847652,-2.183424,-0.23673117,17,take off a shoe,3
S003C001P015R001A017.skeleton,21.049913,37.516453,-47.047478,4.3151746,-2.7272098,6.32494,-1.6740637,-2.2132041,17,take off a shoe,1
S032C001P106R001A075.skeleton,-5.5281043,-35.93168,-23.072844,-6.933792,1.3056047,-2.483971,1.7600822,-3.4039156,75,cutting nails,1
S032C002P008R002A083.skeleton,-14.12557,-33.551437,0.6215401,7.6246233,2.596628,-1.4224136,1.6952932,-3.024999,83,ball up paper,2
S012C002P019R002A029.skeleton,-10.373439,-39.589725,7.0941796,-22.977245,2.3463132,-2.3488038,1.1373461,-3.493546,29,play with phone/tablet,2
S015C002P007R002A058.skeleton,-17.906752,35.05376,-2.8169155,-10.617346,2.0355,8.170431,-1.0448611,0.1011771,58,shaking hands,2
S004C003P008R002A032.skeleton,6.2670107,21.233328,-33.625977,-30.376968,-0.5378787,5.3521442,0.5937026,0.3457834,32,taking a selfie,3
S030C003P044R002A110.skeleton,-15.975444,35.47453,-27.75663,-20.71526,2.0013049,8.121515,-0.9888367,-0.59975207,110,shoot with gun,3
S013C003P027R001A043.skeleton,42.592777,-3.5132146,-13.746709,13.892083,-3.0890222,1.6585112,-4.158492,2.4842598,43,falling down,3
S031C001P042R002A108.skeleton,16.741642,3.3476307,-34.75895,-0.2787804,-0.87577575,2.2589087,-2.3511128,-0.6795701,108,knock over,1
S029C003P043R001A086.skeleton,-7.8424134,35.691467,51.478905,-7.171858,1.0670878,7.3934307,1.165417,-1.1659029,86,apply cream on hand,3
S005C001P017R001A020.skeleton,-12.121361,13.605167,-18.932838,7.0964622,0.7579388,4.408786,1.2470436,1.0071945,20,put on a hat/cap,1
S027C003P083R002A061.skeleton,-39.91055,-2.2425458,10.6060705,7.048023,4.402047,3.168733,-0.020887077,-0.7533139,61,put on headphone,3
S009C001P017R001A009.skeleton,31.84455,22.563564,-30.67993,-7.8018413,-3.0695698,6.323969,-3.2949562,-4.6729875,9,stand up,1
S010C001P015R002A041.skeleton,-22.69656,-4.433406,-38.57809,3.5422416,1.8690408,2.424141,0.9581772,0.5820957,41,sneeze/cough,1
S030C002P091R002A090.skeleton,4.79514,-2.1340873,-16.75683,-7.1609063,3.505695,1.469441,1.6835768,-1.8961469,90,take object out of bag,2
S030C002P075R002A064.skeleton,31.497913,0.35453987,-32.091843,-8.136049,-2.876708,2.441384,-4.593015,0.54407763,64,bounce ball,2
S024C001P064R002A088.skeleton,-3.6087813,-26.581049,36.854122,11.925539,1.7490782,-0.33259562,1.2982115,-0.42632836,88,take off bag,1
S026C003P008R001A103.skeleton,32.867382,32.92334,-30.140514,-6.8292127,-3.3187873,7.561043,0.98264974,0.067619674,103,yawn,3
S013C001P027R001A003.skeleton,3.8746693,-40.370663,-27.128796,-8.28502,1.2427827,-1.6615144,1.5768725,0.39193258,3,brush teeth,1
S011C002P007R001A044.skeleton,25.828918,28.546392,-29.308187,-1.4651939,-2.5213363,7.111939,0.83339334,-1.0295162,44,headache,2
S021C003P058R001A070.skeleton,9.886692,-28.419128,-19.555433,-23.138044,0.61614805,-0.16355585,1.5417072,1.5633092,70,thumb down,3
S026C001P049R001A116.skeleton,37.42396,-20.348866,-35.697414,-19.815283,-1.9494959,0.85252297,-3.4247172,-1.4715264,116,follow,1
S029C002P088R002A080.skeleton,36.15179,-3.6826289,-2.2474015,47.505558,-3.1273465,1.4678669,-3.5652602,0.7263786,80,squat down,2
S008C002P008R001A042.skeleton,4.396006,28.44991,47.502644,-10.482542,-1.5014119,3.05859,-4.9597144,0.5096727,42,staggering,2
S006C002P007R002A060.skeleton,-19.27484,13.872568,-32.306847,-32.001312,1.588953,6.3381147,-1.3536688,-0.019923437,60,walking apart,2
S007C003P008R001A054.skeleton,0.060620997,-10.923576,16.580225,-24.448776,0.40813026,1.2505035,1.8736848,-0.016059715,54,point finger,3
S028C002P008R002A112.skeleton,-23.127077,21.437922,-17.761135,39.861996,2.1645842,5.497049,1.2165699,1.6535008,112,high-five,2
S029C002P074R002A109.skeleton,-10.596982,21.515633,-43.730263,13.064049,1.3420488,5.1598563,-0.59880376,-1.2225697,109,grab stuff,2
S011C003P016R002A037.skeleton,-21.670546,39.12387,2.644966,1.0350641,1.9559858,7.1512084,1.3316989,0.13700563,37,wipe face,3
S029C002P089R002A103.skeleton,-5.431733,-17.888357,16.676962,-19.632244,1.3767254,0.7306437,1.9061749,1.4804822,103,yawn,2
S017C003P015R001A031.skeleton,-7.9763484,-6.801543,36.078075,12.218308,1.1780788,2.0823095,0.61012316,1.3380798,31,point to something,3
S022C003P062R001A096.skeleton,-17.066908,-36.032986,-37.61305,-20.1216,2.7024453,-1.3319312,2.054606,-1.6713675,96,cross arms,3
S009C003P008R001A013.skeleton,43.014862,28.592957,-30.17742,-30.434448,-3.950781,6.991434,-0.93455964,-0.3918568,13,tear up paper,3
S029C001P080R001A086.skeleton,-4.800972,-32.344643,-16.268406,7.71959,0.7966216,-2.4426615,1.3140177,-1.9756718,86,apply cream on hand,1
S030C003P094R002A102.skeleton,-2.8213556,35.48204,-23.79595,-7.3389854,1.2977641,6.9251547,-0.6148475,0.29497164,102,side kick,3
S027C002P006R002A088.skeleton,16.494053,-37.286163,24.311892,0.96734273,0.36931428,-0.5333757,1.641813,0.9703053,88,take off bag,2
S023C001P056R001A061.skeleton,19.954195,33.184795,12.605177,17.298033,-2.1605413,6.7525854,2.1329322,0.43054557,61,put on headphone,1
S010C002P017R001A001.skeleton,16.244308,35.29788,-9.884455,-19.057207,-1.4762783,6.526801,1.0281099,0.48989245,1,drink water,2
S030C001P092R001A092.skeleton,37.05424,-6.87598,-3.0354924,-9.8591795,-3.5022945,1.6068794,-6.035028,2.8047197,92,move heavy objects,1
S021C001P057R001A115.skeleton,-0.7707467,-35.978916,-9.203833,39.507656,0.7940508,-2.1584692,1.6569711,1.1706356,115,take a photo,1
S023C003P061R001A089.skeleton,3.705138,-24.15422,-2.0459373,21.234135,3.4685264,0.9183342,0.38002166,-2.0999675,89,put object into bag,3
S031C002P043R001A078.skeleton,-30.005886,37.761078,-15.298264,39.72569,3.028465,7.07621,1.2142574,-0.32721367,78,open bottle,2
S009C001P015R001A009.skeleton,31.656029,21.341867,-29.332533,-1.882792,-3.0345438,6.1146207,-4.1416264,-5.006273,9,stand up,1
S001C002P002R002A016.skeleton,36.883022,23.728441,12.85188,12.215277,-3.6510305,6.4864926,-4.1483316,-6.0035505,16,put on a shoe,2
S030C002P095R002A068.skeleton,-8.293565,-21.31958,-2.0378745,46.830532,1.5897046,0.23322071,2.179336,1.451674,68,flick hair,2
S027C003P083R001A072.skeleton,16.729671,-40.46865,-11.486926,38.456593,0.54558104,-0.5653663,1.3134266,1.7602721,72,make victory sign,3
S022C003P064R001A065.skeleton,-5.288649,-18.351477,-13.835753,19.092878,1.4352596,0.6399128,1.360778,-0.037593603,65,tennis bat swing,3
S009C001P015R001A012.skeleton,-9.324349,13.788353,-21.328793,4.5795245,0.45317045,4.5808783,1.2410802,-0.84015125,12,writing,1
S026C002P074R001A111.skeleton,22.174814,-25.824945,16.521074,-28.107664,-0.28129572,-1.7269362,-0.8643148,0.46996838,111,step on foot,2
S010C002P007R002A050.skeleton,-18.609118,38.233807,-37.12467,-1.6264526,2.0610404,7.791139,-1.5600611,0.40215486,50,punch/slap,2
S011C001P028R002A051.skeleton,0.16821049,8.515435,-40.071194,10.635588,1.6828492,3.8553061,-2.6930616,-1.0743339,51,kicking,1
S019C002P008R001A074.skeleton,25.92075,30.280874,18.425117,-6.3505893,-2.5355308,7.1118565,0.98651356,-0.5832211,74,counting money,2
S016C002P008R002A059.skeleton,4.385518,56.72275,6.8568206,76.57607,14.881308,1.6783255,-0.7063161,-0.496073,59,walking towards,2
S017C003P015R002A016.skeleton,9.882197,25.509157,19.226177,4.0631194,-1.4248687,5.934364,0.3349805,-1.684423,16,put on a shoe,3
S024C001P064R002A105.skeleton,-3.9445462,51.859627,32.64343,4.9560823,0.30556008,9.084201,0.8629726,-0.68803024,105,blow nose,1
S031C002P041R002A113.skeleton,11.320026,-14.3610325,44.853046,-2.670513,-0.19065681,0.68293273,0.19992054,1.3424143,113,cheers and drink,2
S024C002P064R001A085.skeleton,-28.017988,43.87278,18.499025,-32.847923,3.2329404,7.874887,1.1797302,0.0767405,85,apply cream on face,2
S025C002P065R001A094.skeleton,-17.587835,24.545473,1.4425282,44.503006,1.5940653,5.756336,1.8985776,1.1801705,94,throw up cap/hat,2
S011C001P018R002A042.skeleton,14.656019,12.472023,-22.989592,-5.9013658,2.160412,2.9570057,-4.117314,0.9012847,42,staggering,1
S008C002P019R002A041.skeleton,-8.850421,-34.486115,38.17746,0.42908138,1.2212127,-2.1912923,1.1786789,-0.6422374,41,sneeze/cough,2
S014C001P039R001A013.skeleton,-6.8192616,15.213772,4.660735,-23.47347,0.26914105,4.787479,2.1388953,0.030424362,13,tear up paper,1
S002C002P011R002A037.skeleton,-2.5442202,-21.52526,-41.677246,-20.43015,1.1045736,0.1464558,1.4624256,1.5035822,37,wipe face,2
S012C001P016R001A023.skeleton,-16.497849,12.461563,8.818135,9.21537,1.5439463,4.3684,0.8190253,1.6176735,23,hand waving,1
S014C002P037R002A029.skeleton,-11.0535145,-37.347717,25.147285,-22.007254,2.1565678,-2.2195618,1.4546688,-3.7454376,29,play with phone/tablet,2
S023C002P065R001A075.skeleton,-7.653036,29.723577,1.9557959,-0.7024166,4.23134,8.640351,0.7328855,-0.5134704,75,cutting nails,2
S024C001P060R001A117.skeleton,5.080766,32.503384,-5.733938,29.615095,-0.32634702,6.76612,-2.6227202,1.9567865,117,whisper,1
S003C003P019R001A010.skeleton,37.396168,29.108456,-42.74696,-27.930216,-3.600218,7.170981,1.3957151,-0.37002975,10,clapping,3
S029C002P044R002A077.skeleton,12.108762,0.7496058,-1.4937316,46.629993,-0.5330174,2.0092409,0.28309527,0.6358476,77,snap fingers,2
S017C002P016R001A057.skeleton,5.1430464,41.76653,31.645563,22.508358,-0.32605776,7.2213583,0.83141387,-0.6841989,57,touch pocket,2
S010C001P008R001A013.skeleton,33.21628,29.040787,-11.419449,-25.576971,-3.0898364,7.3657656,2.0750172,-0.33253723,13,tear up paper,1
S007C001P027R001A030.skeleton,-2.4780812,-37.085617,39.903027,0.1599405,1.2236072,-2.267374,0.98683935,-2.414072,30,type on a keyboard,1
S004C001P020R001A011.skeleton,28.88165,27.524149,-34.292393,5.8479915,-3.0874534,7.2055745,1.695825,-1.2580979,11,reading,1
S012C001P027R002A036.skeleton,-28.65624,-32.17022,0.7444445,18.307644,3.5221124,-0.15658292,0.5317337,-0.3163109,36,shake head,1
S010C002P007R002A036.skeleton,6.7893324,-45.59608,19.002228,-27.942114,0.9962799,-1.0013704,-0.03253731,0.98477495,36,shake head,2
S009C003P015R002A044.skeleton,-12.569511,48.101517,-41.8944,-20.702368,1.137142,8.220015,1.9723119,-0.6765547,44,headache,3
S030C001P081R002A110.skeleton,-30.961138,8.122504,0.797763,63.088493,3.3432393,3.2159972,0.105762005,0.6549562,110,shoot with gun,1
S021C001P058R001A096.skeleton,11.640369,-40.286423,1.8200542,45.442562,1.3043703,-2.1036572,1.9107258,-1.1458747,96,cross arms,1
S021C003P060R001A080.skeleton,40.289368,-3.9063041,17.689138,-9.159695,-3.2480083,1.7764642,-5.4218698,1.9818559,80,squat down,3
S021C002P056R002A111.skeleton,-29.770859,46.709564,-38.89167,11.177856,3.5693245,8.20099,-0.5117065,0.7649267,111,step on foot,2
S022C003P064R002A083.skeleton,-14.429236,21.971712,-3.5117462,23.00312,1.4682552,5.7477207,0.41743326,0.24071807,83,ball up paper,3
S007C003P001R002A050.skeleton,4.0648184,29.312883,-23.673344,-29.726639,0.22225377,7.1123915,-2.0888548,0.49146524,50,punch/slap,3
S030C002P081R002A073.skeleton,-7.384757,16.815939,-0.29046756,-19.45546,0.4715478,4.963681,1.17114,-1.251691,73,staple book,2
S030C002P008R002A065.skeleton,31.75743,28.080496,0.5121145,62.371105,-2.9237862,7.5858645,0.6644288,-0.086154215,65,tennis bat swing,2
S010C001P016R001A060.skeleton,0.0728587,10.697921,-33.719448,-31.644203,1.461093,4.8145804,-2.6437325,-1.3088315,60,walking apart,1
S025C003P068R001A106.skeleton,6.6869226,17.709963,-2.5026224,46.141537,-0.64336133,5.5415406,-2.167403,-0.73644096,106,hit with object,3
S003C001P019R001A006.skeleton,38.145866,-7.4219112,-46.70515,4.9013824,-3.4892166,1.4525713,-5.0510736,2.1255178,6,pick up,1
S028C001P046R001A068.skeleton,3.6803412,-48.151096,-7.324327,-6.1786323,1.6270975,-1.1877854,1.6283301,2.5828896,68,flick hair,1
S026C001P049R002A071.skeleton,37.769314,35.343445,-16.212173,-28.337357,-3.7758353,7.704352,0.6756862,1.0479169,71,make OK sign,1
S022C002P063R001A096.skeleton,-27.854204,44.497448,-11.091,39.141335,3.2915003,7.9637766,0.56892633,0.48097327,96,cross arms,2
S004C002P020R002A060.skeleton,9.155471,-4.6429434,-29.762852,-20.227894,1.8150699,5.057683,-1.0870986,0.8748681,60,walking apart,2
S027C001P080R002A077.skeleton,1.4711823,-13.26419,13.726468,18.809721,0.4564667,0.9929254,0.6260466,-0.21019912,77,snap fingers,1
S013C002P017R001A025.skeleton,-23.202152,41.972603,26.472963,-12.569598,2.5593302,7.653002,1.7143981,-0.4264035,25,reach into pocket,2
S023C001P057R001A091.skeleton,-3.8475611,-39.132336,-9.227469,13.132975,1.3821851,-2.2132757,1.1451595,-1.2851819,91,open a box,1
